identifier,govIdentifier,URL,name,description,siteAddressName,siteAddressStreet,siteAddressCity,siteAddressCounty,siteAddressCountry,siteAddressPostcode,latitude,longitude,telephone,openingHours,openingHoursNotes,openingHoursTransportRestrictions,ownerID,ownerName,operatorID,operatorCompanyID,operatorName,operatorAddressStreet,operatorAddressCity,operatorAddressCounty,operatorAddressCountry,operatorAddressPostcode,dateOpened,dateClosed,areaServed,proofOfResidency,accessibilityNotes,trade,ANPR,reuseShop,dateUpdated,dateValidFrom,dateValidTo
,,,349 Barlow Moor Road,,Co-op Food,349 Barlow Moor Road,Manchester,Greater Manchester,eng,M21 7QH,53.432278,-2.269969,0161 881 2115,06:00-22:00,,,,,,,,,,,,,,,,,,,,,,,
,,,61 Lower Addiscombe Road,,Co-op Food,61 Lower Addiscombe Road,Croydon,Surrey,eng,CR0 6PQ,51.380411,-0.086516,020 8654 4068,07:00-22:00,,,,,,,,,,,,,,,,,,,,,,,
,,,Acomb,,Co-op Food,York Road,York,North Yorkshire,eng,YO26 4LT,53.956231,-1.120087,01904 794312,07:00-22:00,,,,,,,,,,,,,,,,,,,,,,,
,,,Addingham,,,162 Main Street,Ilkley,West Yorkshire,eng,LS29 0LY,,,,,,,,,,,,,,,,,,,,,,,,,,,
,,,Adel,,,425 Otley Road,Leeds,West Yorkshire,eng,LS16 6AJ,,,,,,,,,,,,,,,,,,,,,,,,,,,
,,,Ainslie Street,,,38 Ainslie Street,Barrow In Furness,Cumbria,eng,LA14 5BJ,,,,,,,,,,,,,,,,,,,,,,,,,,,
,,,Albert Parade,,,1-3 Albert Parade,Eastbourne,East Sussex,eng,BN21 1SD,,,,,,,,,,,,,,,,,,,,,,,,,,,
,,,Albert Road - Devonport,,,154-158 Albert Road,Plymouth,Devon,eng,PL2 1AQ,,,,,,,,,,,,,,,,,,,,,,,,,,,
,,,Alcombe Road,,,57 Alcombe Road,Minehead,Somerset,eng,TA24 6BB,,,,,,,,,,,,,,,,,,,,,,,,,,,
,,,Alwoodley,,,Nursery Lane,Leeds,West Yorkshire,eng,LS17 7HW,,,,,,,,,,,,,,,,,,,,,,,,,,,
,,,Amesbury - Salisbury Street,,,23 Salisbury Street,Salisbury,Wiltshire,eng,SP4 7AW,,,,,,,,,,,,,,,,,,,,,,,,,,,
,,,Ancoats - Blossom Street,,,45-49 Blossom Street,Manchester,Greater Manchester,eng,M4 6AJ,,,,,,,,,,,,,,,,,,,,,,,,,,,
,,,Arborfield - Bramshill Close,,,27 Bramshill Close,Reading,Berkshire,eng,RG2 9PL,,,,,,,,,,,,,,,,,,,,,,,,,,,
,,,Archers Gate - Amesbury,,,Archers Way,Salisbury,Wiltshire,eng,SP4 7XP,,,,,,,,,,,,,,,,,,,,,,,,,,,
,,,Archway,,,11-19 Junction Road,London,Greater London,eng,N19 5QT,,,,,,,,,,,,,,,,,,,,,,,,,,,
,,,Arnold Road,,,244 Arnold Road,Nottingham,Nottinghamshire,eng,NG5 5HB,,,,,,,,,,,,,,,,,,,,,,,,,,,
,,,Ash - Aldershot,,,69 Ash Street,Aldershot,Hampshire,eng,GU12 6LG,,,,,,,,,,,,,,,,,,,,,,,,,,,
,,,Ashington - Remscheid Way,,,Remscheid Way,Ashington,Northumberland,eng,NE63 8UJ,,,,,,,,,,,,,,,,,,,,,,,,,,,
,,,Ashton On Mersey,,,12-16 Green Lane,Sale,Cheshire,eng,M33 5PP,,,,,,,,,,,,,,,,,,,,,,,,,,,
,,,Askew Road,,,98 Askew Road,London,Greater London,eng,W12 9BL,,,,,,,,,,,,,,,,,,,,,,,,,,,
,,,Aspull - Haigh Road,,,134 Haigh Road,Wigan,Lancashire,eng,WN2 1XH,,,,,,,,,,,,,,,,,,,,,,,,,,,
,,,Auckley - Hayfield Lane,,,Hayfield Lane,Doncaster,South Yorkshire,eng,DN9 3NB,,,,,,,,,,,,,,,,,,,,,,,,,,,
,,,Aughton - Town Green Lane,,,58 Town Green Lane,Ormskirk,Lancashire,eng,L39 6SF,,,,,,,,,,,,,,,,,,,,,,,,,,,
,,,Avonmouth,,,193-195 Avonmouth Road,Bristol,Avon,eng,BS11 9EG,,,,,,,,,,,,,,,,,,,,,,,,,,,
,,,Axminster - South Street,,,11 South Street,Axminster,Devon,eng,EX13 5AD,,,,,,,,,,,,,,,,,,,,,,,,,,,
,,,Aylesbury - Walton Court,,,Hannon Road,Aylesbury,Buckinghamshire,eng,HP21 8TJ,,,,,,,,,,,,,,,,,,,,,,,,,,,
,,,Balfour St,,,66-70 Balfour Street,Runcorn,Cheshire,eng,WA7 4PH,,,,,,,,,,,,,,,,,,,,,,,,,,,
,,,Barnet - Millbrook Park,,,"Retail Unit, 24 Royal
Engineers Way",Barnet,London,eng,NW7 1NW,,,,,,,,,,,,,,,,,,,,,,,,,,,
,,,Barnoldswick,,,Rainhall Road,Barnoldswick,Lancashire,eng,BB18 6AB,,,,,,,,,,,,,,,,,,,,,,,,,,,
,,,Barrow-in-Furness - Abbey Road,,,Abbey Road,Barrow-in-Furness,Cumbria,eng,LA14 5LF,,,,,,,,,,,,,,,,,,,,,,,,,,,
,,,Battersea,,,27-35 Battersea Bridge Road,London,Greater London,eng,SW11 3BA,,,,,,,,,,,,,,,,,,,,,,,,,,,
,,,Battersea - Chatfield Road,,,8-40 Chatfield Road,London,Greater London,eng,SW11 3SE,,,,,,,,,,,,,,,,,,,,,,,,,,,
,,,Beacon Lough - Gateshead,,,Beacon Lough Road,Gateshead,Tyne and Wear,eng,NE9 6TA,,,,,,,,,,,,,,,,,,,,,,,,,,,
,,,Beckenham - Albermarle Road,,,Unit 7 G03a Beckenham Junction,London,Greater London,eng,BR3 5HZ,,,,,,,,,,,,,,,,,,,,,,,,,,,
,,,Bedford - Queens Drive,,,Queens Drive,Bedford,Bedfordshire,eng,MK41 9JF,,,,,,,,,,,,,,,,,,,,,,,,,,,
,,,Bedlington Station,,,10 Station Road,Bedlington,Northumberland,eng,NE22 5HB,,,,,,,,,,,,,,,,,,,,,,,,,,,
,,,Bellinge,,,Field Mill Road,Northampton,Northamptonshire,eng,NN3 9DG,,,,,,,,,,,,,,,,,,,,,,,,,,,
,,,Bellingham - Bromley Road,,,335-337 Bromley Road,London,Greater London,eng,SE6 2RP,,,,,,,,,,,,,,,,,,,,,,,,,,,
,,,Belper - Whitemoor Lane,,,17 Whitemoor Lane,Belper,Derbyshire,eng,DE56 0HB,,,,,,,,,,,,,,,,,,,,,,,,,,,
,,,Bembridge Drive - Derby,,,Bembridge Drive,Derby,Derbyshire,eng,DE24 0UQ,,,,,,,,,,,,,,,,,,,,,,,,,,,
,,,Benfleet - Kiln Road,,,Kiln Road,Benfleet,Essex,eng,SS7 1TE,,,,,,,,,,,,,,,,,,,,,,,,,,,
,,,Berrycroft,,,30 Berrycroft Lane,Stockport,Cheshire,eng,SK6 3AU,,,,,,,,,,,,,,,,,,,,,,,,,,,
,,,Beverley - Lincoln Way,,,Lincoln Way,Beverley,East Riding of Yorkshire,eng,HU17 8RH,,,,,,,,,,,,,,,,,,,,,,,,,,,
,,,Biggin Hill - Rosehill Road,,,16 - 18 Rosehill Road,Westerham,Kent,eng,TN16 3NF,,,,,,,,,,,,,,,,,,,,,,,,,,,
,,,Billingborough - High Street,,,34 High Street,Sleaford,Lincolnshire,eng,NG34 0QA,,,,,,,,,,,,,,,,,,,,,,,,,,,
,,,Billinge,,,188 Main Street,Wigan,Lancashire,eng,WN5 7PE,,,,,,,,,,,,,,,,,,,,,,,,,,,
,,,Birchfield Road,,,231 Birchfield Road East,Northampton,Northamptonshire,eng,NN3 2HG,,,,,,,,,,,,,,,,,,,,,,,,,,,
,,,Birdsfoot Lane,,,259 Birdsfoot Lane,Luton,Bedfordshire,eng,LU3 2HX,,,,,,,,,,,,,,,,,,,,,,,,,,,
,,,Birmingham - Bristol Street,,,Bristol Street,Birmingham,West Midlands,eng,B15 2DE,,,,,,,,,,,,,,,,,,,,,,,,,,,
,,,Birmingham - Exchange Square,,,46 The Priory Queensway,Birmingham,West Midlands,eng,B4 6FN,,,,,,,,,,,,,,,,,,,,,,,,,,,
,,,Birmingham - Gorse Farm Road,,,Gorse Farm Road,Birmingham,West Midlands,eng,B43 5LT,,,,,,,,,,,,,,,,,,,,,,,,,,,
,,,Birmingham - Newhall Square,,,7 Newhall Square,Birmingham,West Midlands,eng,B3 1RU,,,,,,,,,,,,,,,,,,,,,,,,,,,
,,,Birmingham - Newhall Street,,,Newhall Square,Birmingham,West Midlands,eng,B3 1RU,,,,,,,,,,,,,,,,,,,,,,,,,,,
,,,Birmingham - University Locks,,,50 Curzon Street,Birmingham,West Midlands,eng,B4 7XJ,,,,,,,,,,,,,,,,,,,,,,,,,,,
,,,Bishops Rise,,,Unit 1,Hatfield,Hertfordshire,eng,AL10 9HE,,,,,,,,,,,,,,,,,,,,,,,,,,,
,,,Bishopston - Gloucester Road,,,117-121 Gloucester Road,Bristol,Avon,eng,BS7 8AT,,,,,,,,,,,,,,,,,,,,,,,,,,,
,,,Blackhall,,,Middle Street,Hartlepool,Cleveland,eng,TS27 4EA,,,,,,,,,,,,,,,,,,,,,,,,,,,
,,,Blackpool - Highfield Road,,,Highfield Gardens,Blackpool,Lancashire,eng,FY4 5AP,,,,,,,,,,,,,,,,,,,,,,,,,,,
,,,Blackpool - Normoss Road,,,108 Normoss Road,Blackpool,Lancashire,eng,FY3 8QP,,,,,,,,,,,,,,,,,,,,,,,,,,,
,,,Blackpool - Victoria Road East,,,Thornton Centre,Thornton-Cleveleys,Lancashire,eng,FY5 5DX,,,,,,,,,,,,,,,,,,,,,,,,,,,
,,,Bognor Regis - Chichester Road,,,33 Chichester Road,Bognor Regis,West Sussex,eng,PO21 2XH,,,,,,,,,,,,,,,,,,,,,,,,,,,
,,,Bollington - Wellington Road,,,Wellington Road,Macclesfield,Cheshire,eng,SK10 5JH,,,,,,,,,,,,,,,,,,,,,,,,,,,
,,,Bolton-Le-Sands - Bye Pass Road,,,Bye Pass Road,Carnforth,Lancashire,eng,LA5 8JA,,,,,,,,,,,,,,,,,,,,,,,,,,,
,,,Bourne - Elsea Park,,,Sedgefield Court,Bourne,Lincolnshire,eng,PE10 0YD,,,,,,,,,,,,,,,,,,,,,,,,,,,
,,,Bourne End - Oakfield Road,,,"Former Parade Court, Marlow Road",Bourne End,Buckinghamshire,eng,SL8 5SE,,,,,,,,,,,,,,,,,,,,,,,,,,,
,,,Bournemouth - Christchurch Road,,,38 Christchurch Road,Bournemouth,Dorset,eng,BH1 3PD,,,,,,,,,,,,,,,,,,,,,,,,,,,
,,,Bournemouth - Columbia Road,,,2 Columbia Road,Bournemouth,Dorset,eng,BH10 4DY,,,,,,,,,,,,,,,,,,,,,,,,,,,
,,,Bournemouth - Queens Road,,,14 Queens Road,Bournemouth,Dorset,eng,BH2 6BE,,,,,,,,,,,,,,,,,,,,,,,,,,,
,,,Bow - 383-387 Mile End Road,,,383-387 Mile End Road,London,Greater London,eng,E3 4QS,,,,,,,,,,,,,,,,,,,,,,,,,,,
,,,Bracebridge Drive,,,73-75 Bracebridge Drive,Nottingham,Nottinghamshire,eng,NG8 4PH,,,,,,,,,,,,,,,,,,,,,,,,,,,
,,,Bramcote Lane - Chilwell,,,Bramcote Lane,Nottingham,Nottinghamshire,eng,NG9 5EL,,,,,,,,,,,,,,,,,,,,,,,,,,,
,,,Brighton - Lewes Road,,,58-62 Lewes Road,Brighton,East Sussex,eng,BN2 3HW,,,,,,,,,,,,,,,,,,,,,,,,,,,
,,,Bristol - College Green,,,40-42a College Green,Bristol,Gloucestershire,eng,BS1 5SH,,,,,,,,,,,,,,,,,,,,,,,,,,,
,,,Bristol - Lodge Road,,,Lodge Road,Bristol,Avon,eng,BS15 1JA,,,,,,,,,,,,,,,,,,,,,,,,,,,
,,,Brixham Fore Street,,,75 Fore Street,Brixham,Devon,eng,TQ5 8AG,,,,,,,,,,,,,,,,,,,,,,,,,,,
,,,Broadwater Crescent,,,247 Broadwater Crescent,Stevenage,Hertfordshire,eng,SG2 8ET,,,,,,,,,,,,,,,,,,,,,,,,,,,
,,,Brockley - Brockley Road,,,294-296 Brockley Road,Brockley,London,eng,SE4 2RA,,,,,,,,,,,,,,,,,,,,,,,,,,,
,,,Bromley Common,,,2 Chatterton Road,Bromley,Kent,eng,BR2 9QN,,,,,,,,,,,,,,,,,,,,,,,,,,,
,,,Brook Street,,,22 Brook Street,Ilkley,West Yorkshire,eng,LS29 8DE,,,,,,,,,,,,,,,,,,,,,,,,,,,
,,,Broomhill Road,,,68 Broomhill Road,Bristol,Avon,eng,BS4 4NZ,,,,,,,,,,,,,,,,,,,,,,,,,,,
,,,Buckingham Road,,,67b Cheadle Road,Cheadle,Cheshire,eng,SK8 5DW,,,,,,,,,,,,,,,,,,,,,,,,,,,
,,,Bunbury,,,Bunbury Lane,Tarporley,Cheshire,eng,CW6 9QS,,,,,,,,,,,,,,,,,,,,,,,,,,,
,,,Burghfield,,,31-33 Clayhill Road,Reading,Berkshire,eng,RG7 3HF,,,,,,,,,,,,,,,,,,,,,,,,,,,
,,,Burtonwood - Chapel Lane,,,Chapel Lane,Warrington,Cheshire,eng,WA5 4PS,,,,,,,,,,,,,,,,,,,,,,,,,,,
,,,Bushbury,,,Kempthorne Avenue,Wolverhampton,West Midlands,eng,WV10 9UN,,,,,,,,,,,,,,,,,,,,,,,,,,,
,,,Buxton Road,,,1-3 Buxton Road,High Peak,Derbyshire,eng,SK23 7HT,,,,,,,,,,,,,,,,,,,,,,,,,,,
,,,Byfleet,,,2 Oyster Lane,West Byfleet,Surrey,eng,KT14 7DU,,,,,,,,,,,,,,,,,,,,,,,,,,,
,,,Cabin Lane,,,1 Cabin Lane,Oswestry,Shropshire,eng,SY11 2DZ,,,,,,,,,,,,,,,,,,,,,,,,,,,
,,,Caledonian Road,,,303-311 Caledonian Road,London,Greater London,eng,N1 1DT,,,,,,,,,,,,,,,,,,,,,,,,,,,
,,,Camberley - Frimley Road,,,Frimley Road,Camberley,Surrey,eng,GU15 2QN,,,,,,,,,,,,,,,,,,,,,,,,,,,
,,,Camberwell New Road,,,177-183 Camberwell New Road,London,Greater London,eng,SE5 0TJ,,,,,,,,,,,,,,,,,,,,,,,,,,,
,,,Cambridge,,,2 Brookgate,Cambridge,Cambridgeshire,eng,CB1 2FF,,,,,,,,,,,,,,,,,,,,,,,,,,,
,,,Cambridge - Green End Road,,,414 Milton Road,Cambridge,Cambridgeshire,eng,CB4 1SU,,,,,,,,,,,,,,,,,,,,,,,,,,,
,,,Cambridge - Mill Road West,,,44a Mill Road,Cambridge,Cambridgeshire,eng,CB1 2AS,,,,,,,,,,,,,,,,,,,,,,,,,,,
,,,Cambridge - Mitcham’s Corner,,,Milton Road,Cambridge,Cambridgeshire,eng,CB4 1UY,,,,,,,,,,,,,,,,,,,,,,,,,,,
,,,Cambridge - Perne Road,,,115 - 117 Perne Road,Cambridge,Cambridgeshire,eng,CB1 3SB,,,,,,,,,,,,,,,,,,,,,,,,,,,
,,,Cambridge - The Marque,,,Hills Road,Cambridge,Cambridgeshire,eng,CB2 8RJ,,,,,,,,,,,,,,,,,,,,,,,,,,,
,,,Cambridge Road - Churchtown,,,142 Cambridge Road,Southport,Merseyside,eng,PR9 9RZ,,,,,,,,,,,,,,,,,,,,,,,,,,,
,,,Camden - Camley Street,,,Unit 1 103a Camley Street,London,Greater London,eng,N1C 4PF,,,,,,,,,,,,,,,,,,,,,,,,,,,
,,,Camden - Chalk Farm Station,,,8 Haverstock Hill,London,Greater London,eng,NW3 2BL,,,,,,,,,,,,,,,,,,,,,,,,,,,
,,,Camden - North Road,,,24 North Road,London,Greater London,eng,N7 9GF,,,,,,,,,,,,,,,,,,,,,,,,,,,
,,,Camden Parkway,,,73-74 Parkway,London,Greater London,eng,NW1 7AH,,,,,,,,,,,,,,,,,,,,,,,,,,,
,,,Cannock - Longford Road,,,Longford Road,Cannock,Staffordshire,eng,WS11 1NE,,,,,,,,,,,,,,,,,,,,,,,,,,,
,,,Cantley Lane - Doncaster,,,Goodison Boulevard,Doncaster,South Yorkshire,eng,DN4 6BT,,,,,,,,,,,,,,,,,,,,,,,,,,,
,,,Canvey Island - Canvey Road,,,Canvey Road,Canvey Island,Essex,eng,SS8 0QA,,,,,,,,,,,,,,,,,,,,,,,,,,,
,,,Carlton Parade,,,13-14 Carlton Parade,Orpington,Kent,eng,BR6 0JB,,,,,,,,,,,,,,,,,,,,,,,,,,,
,,,Carrington,,,365 Mansfield Road,Nottingham,Nottinghamshire,eng,NG5 2DA,,,,,,,,,,,,,,,,,,,,,,,,,,,
,,,Carshalton Beeches,,,89-91 Banstead Road,Carshalton,Surrey,eng,SM5 3NP,,,,,,,,,,,,,,,,,,,,,,,,,,,
,,,Castle Road,,,74 Castle Road,Salisbury,Wiltshire,eng,SP1 3RR,,,,,,,,,,,,,,,,,,,,,,,,,,,
,,,Catshill - Gibbs Lane,,,30 Gibbs Lane,Bromsgrove,Worcestershire,eng,B61 0JR,,,,,,,,,,,,,,,,,,,,,,,,,,,
,,,Catterall - Garstang Road,,,Westfield Road,Preston,Lancashire,eng,PR3 0EN,,,,,,,,,,,,,,,,,,,,,,,,,,,
,,,Chalfont St Giles,,,12 High Street,Chalfont St. Giles,Buckinghamshire,eng,HP8 4QA,,,,,,,,,,,,,,,,,,,,,,,,,,,
,,,Cheadle Hulme - Turves Road,,,136B & 136C Turves Road,Cheadle,Cheshire,eng,SK8 6AW,,,,,,,,,,,,,,,,,,,,,,,,,,,
,,,Chester - Christleton Road,,,142 Christleton Road,Chester,Cheshire,eng,CH3 5TD,,,,,,,,,,,,,,,,,,,,,,,,,,,
,,,Chesterfield - Ashgate Road,,,240 Ashgate Road,Chesterfield,Derbyshire,eng,S40 4AW,,,,,,,,,,,,,,,,,,,,,,,,,,,
,,,Chesterfield - Spital Lane,,,Spital Lane,Chesterfield,Derbyshire,eng,S41 0HL,,,,,,,,,,,,,,,,,,,,,,,,,,,
,,,Chichester - East Street,,,52 East Street,Chichester,West Sussex,eng,PO19 1JG,,,,,,,,,,,,,,,,,,,,,,,,,,,
,,,Childs Hill - Finchley Road,,,713 Finchley Road,Brent,London,eng,NW11 8AT,,,,,,,,,,,,,,,,,,,,,,,,,,,
,,,Chiswick - Station Parade,,,6 Station Parade,London,Greater London,eng,W4 3HD,,,,,,,,,,,,,,,,,,,,,,,,,,,
,,,Chorley Old Road - Whittle Le Woods,,,144 Chorley Old Road,Chorley,Lancashire,eng,PR6 7LR,,,,,,,,,,,,,,,,,,,,,,,,,,,
,,,Chorlton - Beech Road,,,129 Beech Road,Manchester,Greater Manchester,eng,M21 9EQ,,,,,,,,,,,,,,,,,,,,,,,,,,,
,,,Church Lane,,,136-138 Church Lane,Waltham Cross,Hertfordshire,eng,EN8 0EA,,,,,,,,,,,,,,,,,,,,,,,,,,,
,,,Church Street - Orrell,,,40 Church Street,Wigan,Lancashire,eng,WN5 8TG,,,,,,,,,,,,,,,,,,,,,,,,,,,
,,,Clapham - Abbeville Road,,,56-58 Abbeville Road,London,Greater London,eng,SW4 9NF,,,,,,,,,,,,,,,,,,,,,,,,,,,
,,,Clapton - Chatsworth Road,,,21-23 Chatsworth Road,London,Greater London,eng,E5 0LH,,,,,,,,,,,,,,,,,,,,,,,,,,,
,,,Clarence Road - Sutton Coldfield,,,316 Clarence Road,Sutton Coldfield,West Midlands,eng,B74 4LU,,,,,,,,,,,,,,,,,,,,,,,,,,,
,,,Clayton - Clayton Road,,,93 Clayton Road,Newcastle-Under-Lyme,Staffordshire,eng,ST5 3NE,,,,,,,,,,,,,,,,,,,,,,,,,,,
,,,Coastal House,,,9 Abingdon Street,Blackpool,Lancashire,eng,FY1 1DG,,,,,,,,,,,,,,,,,,,,,,,,,,,
,,,Colehill,,,1 Smugglers Lane,Wimborne,Dorset,eng,BH21 2RX,,,,,,,,,,,,,,,,,,,,,,,,,,,
,,,Colindale Station,,,130 Colindale Avenue,London,Greater London,eng,NW9 5HE,,,,,,,,,,,,,,,,,,,,,,,,,,,
,,,Colliers Wood Station,,,Units 5 and 11 Christchurch Road,London,Greater London,eng,SW19 2FA,,,,,,,,,,,,,,,,,,,,,,,,,,,
,,,Colney Road,,,76 Colney Road,Dartford,Kent,eng,DA1 1UH,,,,,,,,,,,,,,,,,,,,,,,,,,,
,,,Coppenhall,,,"Unit 1, Parkers Road",Crewe,Cheshire,eng,CW1 4PY,,,,,,,,,,,,,,,,,,,,,,,,,,,
,,,Corbridge - Hill Street,,,4-6 Hill Street,Corbridge,Northumberland,eng,NE45 5AA,,,,,,,,,,,,,,,,,,,,,,,,,,,
,,,Corfe Mullen - Towers Way,,,46 Wareham Road,Wimborne,Dorset,eng,BH21 3LE,,,,,,,,,,,,,,,,,,,,,,,,,,,
,,,Cornbrook Hub,,,254 Chester Road,Manchester,Greater Manchester,eng,M15 4EX,,,,,,,,,,,,,,,,,,,,,,,,,,,
,,,Cornwall Services,,,Victoria Roche,St Austell,Cornwall,eng,PL26 8UF,,,,,,,,,,,,,,,,,,,,,,,,,,,
,,,Costessey - Kestral Avenue,,,Unit 1 Kestral Avenue,Norwich,Norfolk,eng,NR8 5AZ,,,,,,,,,,,,,,,,,,,,,,,,,,,
,,,Cotswold Road,,,47 Cotswold Road,Warrington,Cheshire,eng,WA2 9SF,,,,,,,,,,,,,,,,,,,,,,,,,,,
,,,Cove - Fernhill Road,,,318-320 Fernhill Road,Farnborough,Hampshire,eng,GU14 9EF,,,,,,,,,,,,,,,,,,,,,,,,,,,
,,,Coventry - Fairfax Street,,,Fairfax Street,Coventry,West Midlands,eng,CV1 5RY,,,,,,,,,,,,,,,,,,,,,,,,,,,
,,,Cowfold - The Street,,,The Street,Horsham,West Sussex,eng,RH13 8BT,,,,,,,,,,,,,,,,,,,,,,,,,,,
,,,Cowley - Littlemore Road,,,27 Littlemore Road,Oxford,Oxfordshire,eng,OX4 3SS,,,,,,,,,,,,,,,,,,,,,,,,,,,
,,,Creekmoor,,,67 Creekmoor Lane,Poole,Dorset,eng,BH17 7BW,,,,,,,,,,,,,,,,,,,,,,,,,,,
,,,Crewe - Remer Street,,,1C Remer Street,Crewe,Cheshire,eng,CW1 4LS,,,,,,,,,,,,,,,,,,,,,,,,,,,
,,,Cricklewood - Cricklewood Broadway,,,22-26 Cricklewood Broadway,London,Greater London,eng,NW2 3HD,,,,,,,,,,,,,,,,,,,,,,,,,,,
,,,Cricklewood Lane - Cricklewood,,,140 Cricklewood Lane,London,Greater London,eng,NW2 2DT,,,,,,,,,,,,,,,,,,,,,,,,,,,
,,,Crofton Park,,,383 Brockley Road,London,Greater London,eng,SE4 2PH,,,,,,,,,,,,,,,,,,,,,,,,,,,
,,,Cropwell Bishop - Nottingham Road,,,4 Nottingham Road,Nottingham,Nottinghamshire,eng,NG12 3BQ,,,,,,,,,,,,,,,,,,,,,,,,,,,
,,,Crosland Moor,,,9 Park Road West,Huddersfield,West Yorkshire,eng,HD4 5RX,,,,,,,,,,,,,,,,,,,,,,,,,,,
,,,Cross Hills,,,14 Main Street,Keighley,West Yorkshire,eng,BD20 8TB,,,,,,,,,,,,,,,,,,,,,,,,,,,
,,,Cross Lane,,,10-12 Cross Lane,Wirral,Merseyside,eng,CH63 3AL,,,,,,,,,,,,,,,,,,,,,,,,,,,
,,,Cross Street - Sale,,,137 - 149 Cross Street,Sale,Cheshire,eng,M33 7JW,,,,,,,,,,,,,,,,,,,,,,,,,,,
,,,Crouch End - The Broadway,,,21-23 The Broadway,London,Greater London,eng,N8 8DU,,,,,,,,,,,,,,,,,,,,,,,,,,,
,,,Crow Lane,,,149 Crow Lane,Bristol,Avon,eng,BS10 7DR,,,,,,,,,,,,,,,,,,,,,,,,,,,
,,,Croydon - Lansdowne Road,,,6/6A Lansdowne Road,Croydon,Surrey,eng,CR0 2BX,,,,,,,,,,,,,,,,,,,,,,,,,,,
,,,Cuxton,,,93 Bush Road,Rochester,Kent,eng,ME2 1EY,,,,,,,,,,,,,,,,,,,,,,,,,,,
,,,Dalston Square - London,,,Dalston Square,London,Greater London,eng,E8 3FT,,,,,,,,,,,,,,,,,,,,,,,,,,,
,,,Denton Street,,,Denton Street,Carlisle,Cumbria,eng,CA2 5EN,,,,,,,,,,,,,,,,,,,,,,,,,,,
,,,Derbyshire Lane,,,229 Derbyshire Lane,Sheffield,South Yorkshire,eng,S8 8SD,,,,,,,,,,,,,,,,,,,,,,,,,,,
,,,Dickens Estate,,,Dickens Estate,Rochester,Kent,eng,ME1 2LQ,,,,,,,,,,,,,,,,,,,,,,,,,,,
,,,Didcot,,,202 Broadway,Didcot,Oxfordshire,eng,OX11 8RN,,,,,,,,,,,,,,,,,,,,,,,,,,,
,,,Didsbury,,,756-758 Wilmslow Road,Manchester,Greater Manchester,eng,M20 2DW,,,,,,,,,,,,,,,,,,,,,,,,,,,
,,,Dines Green,,,53 Gresham Road,Worcester,Worcestershire,eng,WR2 5QS,,,,,,,,,,,,,,,,,,,,,,,,,,,
,,,Ditton,,,231 Liverpool Road,Widnes,Cheshire,eng,WA8 7HL,,,,,,,,,,,,,,,,,,,,,,,,,,,
,,,Dorchester,,,Trinity Square,Dorchester,Dorset,eng,DT1 1TT,,,,,,,,,,,,,,,,,,,,,,,,,,,
,,,Dore Devenshire Terr,,,Devonshire Terrace Road,Sheffield,South Yorkshire,eng,S17 3EF,,,,,,,,,,,,,,,,,,,,,,,,,,,
,,,Dover House - Lower Marsh,,,1 Lower Marsh,London,Greater London,eng,SE1 7NT,,,,,,,,,,,,,,,,,,,,,,,,,,,
,,,Duke Street - Devonport,,,8 George Street,Plymouth,Devon,eng,PL1 4HN,,,,,,,,,,,,,,,,,,,,,,,,,,,
,,,Dulwich,,,26 Forest Hill Road,London,Greater London,eng,SE22 0RR,,,,,,,,,,,,,,,,,,,,,,,,,,,
,,,Dunstable - Katherine Drive,,,37-43 Katherine Drive,Dunstable,Bedfordshire,eng,LU5 4NP,,,,,,,,,,,,,,,,,,,,,,,,,,,
,,,Durham - Framwellgate Moor,,,Dryburn View,Durham,County Durham,eng,DH1 5AP,,,,,,,,,,,,,,,,,,,,,,,,,,,
,,,Durham Road - Bowburn,,,Durham Road,Durham,County Durham,eng,DH6 5AT,,,,,,,,,,,,,,,,,,,,,,,,,,,
,,,Durnsford Road - Wimbledon Park,,,23 Durnsford Road,London,Greater London,eng,SW19 8GT,,,,,,,,,,,,,,,,,,,,,,,,,,,
,,,Eaglescliffe,,,1 Sunningdale Drive,Stockton-On-Tees,Cleveland,eng,TS16 9JP,,,,,,,,,,,,,,,,,,,,,,,,,,,
,,,Easingwold,,,Market Place,York,North Yorkshire,eng,YO61 3AG,,,,,,,,,,,,,,,,,,,,,,,,,,,
,,,East Barnet - East Barnet Road,,,233 East Barnet Road,Barnet,Hertfordshire,eng,EN4 8SS,,,,,,,,,,,,,,,,,,,,,,,,,,,
,,,Ebbsfleet - Castle Hill,,,73-77 Cherry Orchard,Ebbsfleet,Kent,eng,DA10 0DF,,,,,,,,,,,,,,,,,,,,,,,,,,,
,,,Ebbsfleet - Southfleet Road,,,2-4 Talbot Lane,Swanscombe,Kent,eng,DA10 1AZ,,,,,,,,,,,,,,,,,,,,,,,,,,,
,,,Edgbaston - Wheeleys Road,,,Wheeleys Road,Birmingham,West Midlands,eng,B15 2LJ,,,,,,,,,,,,,,,,,,,,,,,,,,,
,,,Edgeley,,,84 Castle Street,Stockport,Cheshire,eng,SK3 9AL,,,,,,,,,,,,,,,,,,,,,,,,,,,
,,,Edgware - Hale Lane,,,157-161 Hale Lane,London,Greater London,eng,HA8 9QW,,,,,,,,,,,,,,,,,,,,,,,,,,,
,,,Elworth - Lawton Way,,,Lawton Way,Sandbach,Cheshire,eng,CW11 1TF,,,,,,,,,,,,,,,,,,,,,,,,,,,
,,,Emerson Valley,,,24 Winfold Lane,Milton Keynes,Buckinghamshire,eng,MK4 2SH,,,,,,,,,,,,,,,,,,,,,,,,,,,
,,,Endon - Leek Road,,,138-140 Leek Road,Stoke-On-Trent,Staffordshire,eng,ST9 9EW,,,,,,,,,,,,,,,,,,,,,,,,,,,
,,,Epsom,,,9 Upper High Street,Epsom,Surrey,eng,KT17 4QY,,,,,,,,,,,,,,,,,,,,,,,,,,,
,,,Erleigh Road,,,55-57 Erleigh Road,Reading,Berkshire,eng,RG1 5NL,,,,,,,,,,,,,,,,,,,,,,,,,,,
,,,Ewell - Chessington Road,,,82-84 Chessington Road,Ewell,Surrey,eng,KT19 9GG,,,,,,,,,,,,,,,,,,,,,,,,,,,
,,,Exeter - Belgrave Road,,,Unit 3-3a Belgrave Road,Exeter,Devon,eng,EX1 2LB,,,,,,,,,,,,,,,,,,,,,,,,,,,
,,,Exeter - Queen Street,,,37-39 Queen Street,Exeter,Devon,eng,EX4 3SR,,,,,,,,,,,,,,,,,,,,,,,,,,,
,,,Exeter - West Clyst,,,Coaker Road,Exeter,Devon,eng,EX1 3TG,,,,,,,,,,,,,,,,,,,,,,,,,,,
,,,Falmouth - Cliff Road,,,Cliff Road,Falmouth,Cornwall,eng,TR11 4NP,,,,,,,,,,,,,,,,,,,,,,,,,,,
,,,Farnborough Park,,,36-40A Woburn Avenue,Farnborough,Hampshire,eng,GU14 7EF,,,,,,,,,,,,,,,,,,,,,,,,,,,
,,,Farringdon - Turnmill Street,,,94-98 Turnmill Street,London,Greater London,eng,EC1M 5QP,,,,,,,,,,,,,,,,,,,,,,,,,,,
,,,Fenchurch Street - London,,,94-95 Fenchurch Street,London,Greater London,eng,EC3A 2DB,,,,,,,,,,,,,,,,,,,,,,,,,,,
,,,Finedon,,,10 Wellingborough Road,Wellingborough,Northamptonshire,eng,NN9 5JS,,,,,,,,,,,,,,,,,,,,,,,,,,,
,,,Finsbury - Tysoe Street,,,1-7 Tysoe Street,London,Greater London,eng,EC1R 4SA,,,,,,,,,,,,,,,,,,,,,,,,,,,
,,,Finstock,,,Finstock Avenue,Stoke-On-Trent,Staffordshire,eng,ST3 3JS,,,,,,,,,,,,,,,,,,,,,,,,,,,
,,,Fir Tree Lane,,,4 Fir Tree Lane,Dukinfield,Cheshire,eng,SK16 5FW,,,,,,,,,,,,,,,,,,,,,,,,,,,
,,,Fishburn,,,10 Butterwick Road,Stockton-On-Tees,Cleveland,eng,TS21 4AP,,,,,,,,,,,,,,,,,,,,,,,,,,,
,,,Fishermead,,,69 Fishermead Boulevard,Milton Keynes,Buckinghamshire,eng,MK6 2AD,,,,,,,,,,,,,,,,,,,,,,,,,,,
,,,Fleet,,,20 Kings Road,Fleet,Hampshire,eng,GU51 3ST,,,,,,,,,,,,,,,,,,,,,,,,,,,
,,,Fleetwood Road North,,,2 Poachers Way,Thornton Cleveleys,Lancashire,eng,FY5 2WF,,,,,,,,,,,,,,,,,,,,,,,,,,,
,,,Flitch Green - Hallett Road,,,24 Hallett Road,Dunmow,Essex,eng,CM6 3FY,,,,,,,,,,,,,,,,,,,,,,,,,,,
,,,Florence Park,,,Belgrave Road,Stoke-On-Trent,Staffordshire,eng,ST3 4NW,,,,,,,,,,,,,,,,,,,,,,,,,,,
,,,Forest Hill - Stanstead Road,,,107-113 Stanstead Road,London,Greater London,eng,SE23 1HH,,,,,,,,,,,,,,,,,,,,,,,,,,,
,,,Forest Town,,,1 Main Avenue,"Forest Town, Mansfield",Nottinghamshire,eng,NG19 0BS,,,,,,,,,,,,,,,,,,,,,,,,,,,
,,,Formby - Queens Road,,,37-39 Queens Road,Liverpool,Merseyside,eng,L37 2HG,,,,,,,,,,,,,,,,,,,,,,,,,,,
,,,Fortess Road,,,9 Fortess Road,London,Greater London,eng,NW5 1AS,,,,,,,,,,,,,,,,,,,,,,,,,,,
,,,Foxholes,,,Foxhole Road,Paignton,Devon,eng,TQ3 3SS,,,,,,,,,,,,,,,,,,,,,,,,,,,
,,,Fulham - Lillie Road,,,314 Lillie Road,London,Greater London,eng,SW6 7PS,,,,,,,,,,,,,,,,,,,,,,,,,,,
,,,Fulham - Munster Road,,,227-233 Munster Road,London,Greater London,eng,SW6 6BT,,,,,,,,,,,,,,,,,,,,,,,,,,,
,,,Fulham - North End Road,,,254 North End Road,London,Greater London,eng,SW6 1NJ,,,,,,,,,,,,,,,,,,,,,,,,,,,
,,,Gidea Park - Brentwood Road,,,378 - 392 Brentwood Road,Romford,Essex,eng,RM2 5TD,,,,,,,,,,,,,,,,,,,,,,,,,,,
,,,Golcar,,,119 Town End,Huddersfield,West Yorkshire,eng,HD7 4QA,,,,,,,,,,,,,,,,,,,,,,,,,,,
,,,Goodison Boulevard,,,Goodison Boulevard,Doncaster,South Yorkshire,eng,DN4 6NL,,,,,,,,,,,,,,,,,,,,,,,,,,,
,,,Gravesend - East Milton Road,,,1-2 East Milton Road,Gravesend,Kent,eng,DA12 2JL,,,,,,,,,,,,,,,,,,,,,,,,,,,
,,,Greasbrough,,,1 Fenton Road,Rotherham,South Yorkshire,eng,S61 4RD,,,,,,,,,,,,,,,,,,,,,,,,,,,
,,,Great Ayton,,,117 High Street,Middlesbrough,Cleveland,eng,TS9 6BW,,,,,,,,,,,,,,,,,,,,,,,,,,,
,,,Great Lumley - 1 & 2 Front Street,,,Front Street,Chester Le Street,County Durham,eng,DH3 4JB,,,,,,,,,,,,,,,,,,,,,,,,,,,
,,,Green Quarter - Cypress Place,,,Unit 2 Cypress Place,Manchester,Greater Manchester,eng,M4 4EX,,,,,,,,,,,,,,,,,,,,,,,,,,,
,,,Greenford - Greenford Green,,,Oldfield Lane North,Greenford,Greater London,eng,UB6 0HE,,,,,,,,,,,,,,,,,,,,,,,,,,,
,,,Greenwich - Banning Street,,,51 Banning Street,London,Greater London,eng,SE10 0FE,,,,,,,,,,,,,,,,,,,,,,,,,,,
,,,Greenwich - Millennium Village,,,Greenwich,London,Greater London,eng,SE10 0BG,,,,,,,,,,,,,,,,,,,,,,,,,,,
,,,Greenwood Avenue - Hull,,,Greenwood Avenue,Hull,East Riding of Yorkshire,eng,HU6 9NA,,,,,,,,,,,,,,,,,,,,,,,,,,,
,,,Grimsby Laceby,,,462 Laceby Road,Grimsby,Lincolnshire,eng,DN34 5NB,,,,,,,,,,,,,,,,,,,,,,,,,,,
,,,Groby - Laundon Way,,,Laundon Way,Leicester,Leicestershire,eng,LE6 0YG,,,,,,,,,,,,,,,,,,,,,,,,,,,
,,,Guildford - Connaught House,,,255 High Street,Guildford,Surrey,eng,GU1 3BS,,,,,,,,,,,,,,,,,,,,,,,,,,,
,,,Hackney - Cambridge Heath Road,,,228-232 Cambridge Heath Road,London,Greater London,eng,E2 9NN,,,,,,,,,,,,,,,,,,,,,,,,,,,
,,,Hackney - Pembury Circus,,,Corner of Pembury Rd - Dalston Lane,London,Greater London,eng,E8 1LQ,,,,,,,,,,,,,,,,,,,,,,,,,,,
,,,Hackney - Theydon Road,,,Theydon Road,London,Greater London,eng,E5 9BQ,,,,,,,,,,,,,,,,,,,,,,,,,,,
,,,Hackney- Manor House Station,,,Green Lanes,London,Greater London,eng,N4 2LX,,,,,,,,,,,,,,,,,,,,,,,,,,,
,,,Haddenham - Pegasus Way,,,Haddenham,HP17 8FH,Buckinghamshire,eng,HP17 8FH,,,,,,,,,,,,,,,,,,,,,,,,,,,
,,,Hadston,,,Hadston Estate,Morpeth,Northumberland,eng,NE65 9YF,,,,,,,,,,,,,,,,,,,,,,,,,,,
,,,Hagley Road,,,Hagley Road,Birmingham,West Midlands,eng,B32 2AL,,,,,,,,,,,,,,,,,,,,,,,,,,,
,,,Hailsham - Upper Horsebridge Road,,,85 Upper Horsebridge Road,Hailsham,East Sussex,eng,BN27 1NX,,,,,,,,,,,,,,,,,,,,,,,,,,,
,,,Hale Bank,,,447 Hale Road,Widnes,Cheshire,eng,WA8 8UU,,,,,,,,,,,,,,,,,,,,,,,,,,,
,,,Halesowen - Bassnage Road,,,93 Bassnage Road,Halesowen,West Midlands,eng,B63 4HB,,,,,,,,,,,,,,,,,,,,,,,,,,,
,,,Halesowen - Hagley Road,,,218 Hagley Road,Dudley,West Midlands,eng,B63 4QQ,,,,,,,,,,,,,,,,,,,,,,,,,,,
,,,Ham Road,,,60-64a Ham Road,Worthing,West Sussex,eng,BN11 2QY,,,,,,,,,,,,,,,,,,,,,,,,,,,
,,,Harlow - Newhall Neighbourhood Ctr,,,North Square,Harlow,Essex,eng,CM17 9TW,,,,,,,,,,,,,,,,,,,,,,,,,,,
,,,Harold Wood,,,15 Station Road,Romford,Essex,eng,RM3 0BP,,,,,,,,,,,,,,,,,,,,,,,,,,,
,,,Harrietsham - Ashford Road,,,1 Buckingham Drive,Maidstone,Kent,eng,ME17 1GF,,,,,,,,,,,,,,,,,,,,,,,,,,,
,,,Harrogate - Knaresborough Road,,,Knaresborough Road,Harrogate,North Yorkshire,eng,HG2 7LU,,,,,,,,,,,,,,,,,,,,,,,,,,,
,,,Haslingden,,,2 John Street,Rossendale,Lancashire,eng,BB4 5QB,,,,,,,,,,,,,,,,,,,,,,,,,,,
,,,Hastings - Parkstone Parade,,,1 - 5 Parkstone Parade,Hastings,Sussex,eng,TN34 2PS,,,,,,,,,,,,,,,,,,,,,,,,,,,
,,,Hatch Lane,,,16 Hatch Lane,London,Greater London,eng,E4 6LQ,,,,,,,,,,,,,,,,,,,,,,,,,,,
,,,Haven Banks,,,Shooting Marsh Stile,Exeter,Devon,eng,EX2 8BP,,,,,,,,,,,,,,,,,,,,,,,,,,,
,,,Haworth - Station Road,,,Station Road,Keighley,West Yorkshire,eng,BD22 8NF,,,,,,,,,,,,,,,,,,,,,,,,,,,
,,,Heatley Mere,,,Unit 1,Lymm,Cheshire,eng,WA13 9UP,,,,,,,,,,,,,,,,,,,,,,,,,,,
,,,Herbert Road,,,9-15 Herbert Road,London,Greater London,eng,SE18 3TB,,,,,,,,,,,,,,,,,,,,,,,,,,,
,,,Hermitage - Newbury Road,,,Newbury Road,THATCHAM,Berkshire,eng,RG18 9TD,,,,,,,,,,,,,,,,,,,,,,,,,,,
,,,Hertford Road,,,139 Hertford Road,Enfield,Greater London,eng,EN3 5JG,,,,,,,,,,,,,,,,,,,,,,,,,,,
,,,Heworth,,,75-77 East Parade,York,North Yorkshire,eng,YO31 7YB,,,,,,,,,,,,,,,,,,,,,,,,,,,
,,,Heysham,,,410 Heysham Road,Morecambe,Lancashire,eng,LA3 2BJ,,,,,,,,,,,,,,,,,,,,,,,,,,,
,,,Hibaldstow - Redbourne Road,,,Redbourne Road / West Street,Hibaldstow,North Lincs,eng,DN20 9DT,,,,,,,,,,,,,,,,,,,,,,,,,,,
,,,High Green,,,Greengate Lane,Sheffield,South Yorkshire,eng,S35 3GT,,,,,,,,,,,,,,,,,,,,,,,,,,,
,,,High Park Drive,,,47 High Park Drive,Bradford,West Yorkshire,eng,BD9 6HX,,,,,,,,,,,,,,,,,,,,,,,,,,,
,,,High Street - Lindfield,,,35-37 High Street,Haywards Heath,West Sussex,eng,RH16 2HJ,,,,,,,,,,,,,,,,,,,,,,,,,,,
,,,Higham Hill Road,,,323 Higham Hill Road,London,Greater London,eng,E17 5RG,,,,,,,,,,,,,,,,,,,,,,,,,,,
,,,Higham Lane,,,17 Martin Hardie Way,Tonbridge,Kent,eng,TN10 4AE,,,,,,,,,,,,,,,,,,,,,,,,,,,
,,,Highgate - Archway Road,,,191 - 201 Archway Road,Highgate,London,eng,N6 5BW,,,,,,,,,,,,,,,,,,,,,,,,,,,
,,,Hilton House,,,100 St Norbert Road,London,Greater London,eng,SE4 2BN,,,,,,,,,,,,,,,,,,,,,,,,,,,
,,,Hingham - Norwich Street,,,25 Norwich Street,Norwich,Norfolk,eng,NR9 4LJ,,,,,,,,,,,,,,,,,,,,,,,,,,,
,,,Hixon - Lea Road,,,Lea Road,Hixon,Staffordshire,eng,ST18 0NR,,,,,,,,,,,,,,,,,,,,,,,,,,,
,,,Holcombe Brook,,,Longsight Road,Bury,Lancashire,eng,BL0 9SH,,,,,,,,,,,,,,,,,,,,,,,,,,,
,,,Hollins Park,,,260 Oakwood Lane,Leeds,West Yorkshire,eng,LS8 3LE,,,,,,,,,,,,,,,,,,,,,,,,,,,
,,,Hoole Road,,,90-94 Hoole Road,Wirral,Merseyside,eng,CH49 8EG,,,,,,,,,,,,,,,,,,,,,,,,,,,
,,,Horam - High Street,,,High Street,Heathfield,East Sussex,eng,TN21 0EL,,,,,,,,,,,,,,,,,,,,,,,,,,,
,,,Hove,,,67-71 Portland Road,Hove,East Sussex,eng,BN3 5DQ,,,,,,,,,,,,,,,,,,,,,,,,,,,
,,,Hove - Church Road,,,88-92 Church Road,Hove,East Sussex,eng,BN3 2EB,,,,,,,,,,,,,,,,,,,,,,,,,,,
,,,Hove - Kingsway,,,Kingsway,Hove,East Sussex,eng,BN3 2WY,,,,,,,,,,,,,,,,,,,,,,,,,,,
,,,Howden - Hailgate,,,Charles Briggs Avenue,Goole,North Humberside,eng,DN14 7GQ,,,,,,,,,,,,,,,,,,,,,,,,,,,
,,,Hucknall,,,288 Watnall Road,Nottingham,Nottinghamshire,eng,NG15 6EY,,,,,,,,,,,,,,,,,,,,,,,,,,,
,,,Hucknall - Papplewick Lane,,,Papplewick Road,Nottingham,Nottinghamshire,eng,NG15 8GL,,,,,,,,,,,,,,,,,,,,,,,,,,,
,,,Hulme - Birley Fields,,,Stretford Road,Manchester,Greater Manchester,eng,M15 5JH,,,,,,,,,,,,,,,,,,,,,,,,,,,
,,,Hurstpierpoint,,,95 High Street,Hassocks,West Sussex,eng,BN6 9RE,,,,,,,,,,,,,,,,,,,,,,,,,,,
,,,Huthwaite,,,17-25 Main Street,Sutton-in-Ashfield,Nottinghamshire,eng,NG17 2QW,,,,,,,,,,,,,,,,,,,,,,,,,,,
,,,Hutton,,,201-205 Rayleigh Road,Brentwood,Essex,eng,CM13 1LZ,,,,,,,,,,,,,,,,,,,,,,,,,,,
,,,Ickenham - 17 Swakeleys Rd,,,17 Swakeleys Road,Uxbridge,Greater London,eng,UB10 8DF,,,,,,,,,,,,,,,,,,,,,,,,,,,
,,,Ilford - Longwood Gardens,,,175 Longwood Gardens,Ilford,Essex,eng,IG5 0EN,,,,,,,,,,,,,,,,,,,,,,,,,,,
,,,Ilkeston,,,Summerfields Way South,Ilkeston,Derbyshire,eng,DE7 9JJ,,,,,,,,,,,,,,,,,,,,,,,,,,,
,,,INDF Westhoughton,,,34-40 Market Street,Bolton,Lancashire,eng,BL5 3AN,,,,,,,,,,,,,,,,,,,,,,,,,,,
,,,Ironbridge - Wharfage Road,,,Wharfage Road,Telford,Shropshire,eng,TF8 7NJ,,,,,,,,,,,,,,,,,,,,,,,,,,,
,,,Island Road,,,Island Road,Barrow In Furness,Cumbria,eng,LA14 2SD,,,,,,,,,,,,,,,,,,,,,,,,,,,
,,,Isle of Dogs - Cassilis Road,,,Cassilis Road,London,Greater London,eng,E14 9LQ,,,,,,,,,,,,,,,,,,,,,,,,,,,
,,,Isle of Grain,,,27 High Street,Rochester,Kent,eng,ME3 0BJ,,,,,,,,,,,,,,,,,,,,,,,,,,,
,,,Islington - 640-650 Holloway Road,,,640-650 Holloway Road,London,Greater London,eng,N19 3NU,,,,,,,,,,,,,,,,,,,,,,,,,,,
,,,Iver - High Street,,,9 High Street,Iver,Buckinghamshire,eng,SL0 9ND,,,,,,,,,,,,,,,,,,,,,,,,,,,
,,,Ivybridge,,,Abbots Rd,Ivybridge,Devon,eng,PL21 9TF,,,,,,,,,,,,,,,,,,,,,,,,,,,
,,,Ivymeade,,,Ivy Road,Macclesfield,Cheshire,eng,SK11 8NA,,,,,,,,,,,,,,,,,,,,,,,,,,,
,,,Jaunty Way,,,29-33 Jaunty Way,Sheffield,South Yorkshire,eng,S12 3DZ,,,,,,,,,,,,,,,,,,,,,,,,,,,
,,,Jennyfield Drive,,,Jenny Field Drive,Harrogate,North Yorkshire,eng,HG3 2XS,,,,,,,,,,,,,,,,,,,,,,,,,,,
,,,Keelings Road,,,Keelings Road,Stoke-On-Trent,Staffordshire,eng,ST1 6PA,,,,,,,,,,,,,,,,,,,,,,,,,,,
,,,"Kennington, Walworth Road",,,156-164 Walworth Road,Kennington,London,eng,SE17 1JL,,,,,,,,,,,,,,,,,,,,,,,,,,,
,,,Kensal Green - Harrow Road,,,765-767 Harrow Road,London,Greater London,eng,NW10 5NY,,,,,,,,,,,,,,,,,,,,,,,,,,,
,,,Keyworth - Bunny Lane,,,The Square,Keyworth,Nottingham,eng,NG12 5JT,,,,,,,,,,,,,,,,,,,,,,,,,,,
,,,Kidbrooke Park,,,196-200 Shooters Hill Road,London,Greater London,eng,SE3 8RP,,,,,,,,,,,,,,,,,,,,,,,,,,,
,,,Kilkhampton,,,Off A39,Bude,Cornwall,eng,EX23 9QN,,,,,,,,,,,,,,,,,,,,,,,,,,,
,,,Kingsbury,,,171 Church Lane,London,Greater London,eng,NW9 8JS,,,,,,,,,,,,,,,,,,,,,,,,,,,
,,,Kingsley - Hollow Lane,,,Hollow Lane,Frodsham,Cheshire,eng,WA6 8EF,,,,,,,,,,,,,,,,,,,,,,,,,,,
,,,Kingston - Kings Road,,,178 Kings Road,Kingston-upon-Thames,Surrey,eng,KT2 5HU,,,,,,,,,,,,,,,,,,,,,,,,,,,
,,,Kingsway South,,,92 Kingsway South,Warrington,Cheshire,eng,WA4 1QZ,,,,,,,,,,,,,,,,,,,,,,,,,,,
,,,Kirton in Lindsey - Station Road,,,11a Station Road,Gainsborough,Lincolnshire,eng,DN21 4BB,,,,,,,,,,,,,,,,,,,,,,,,,,,
,,,Knightsfield,,,1-5 Shoplands Parade,Welwyn Garden City,Hertfordshire,eng,AL8 7RH,,,,,,,,,,,,,,,,,,,,,,,,,,,
,,,Lake Lock Road,,,62-66 Lake Lock Road,Wakefield,West Yorkshire,eng,WF3 4HS,,,,,,,,,,,,,,,,,,,,,,,,,,,
,,,Laughton Common,,,Outgang Lane & Rotherham Road,Sheffield,South Yorkshire,eng,S25 3RG,,,,,,,,,,,,,,,,,,,,,,,,,,,
,,,Launceston,,,Newport Industrial Estate,Launceston,Cornwall,eng,PL15 8EX,,,,,,,,,,,,,,,,,,,,,,,,,,,
,,,Lee - 25-31 Burnt Ash Hill,,,25-31 Burnt Ash Hill,London,Greater London,eng,SE12 9HT,,,,,,,,,,,,,,,,,,,,,,,,,,,
,,,Leeds - Burley Street,,,46 Burley Street,Leeds,West Yorkshire,eng,LS3 1LB,,,,,,,,,,,,,,,,,,,,,,,,,,,
,,,Leeds - Merrion Way,,,11 Merrion Way,Leeds,West Yorkshire,eng,LS2 8BT,,,,,,,,,,,,,,,,,,,,,,,,,,,
,,,Leeds - Sovereign Square,,,Sovereign Street,Leeds,West Yorkshire,eng,LS1 4AG,,,,,,,,,,,,,,,,,,,,,,,,,,,
,,,Leeming Bar - Leeming Lane,,,1A Leeming Lane,Northallerton,North Yorkshire,eng,DL7 9AT,,,,,,,,,,,,,,,,,,,,,,,,,,,
,,,Leigh on Sea - Leigh Rd,,,84-86 Leigh Road,Leigh-On-Sea,Essex,eng,SS9 1BZ,,,,,,,,,,,,,,,,,,,,,,,,,,,
,,,Lewsey Farm,,,8-9 St. Dominics Square,Luton,Bedfordshire,eng,LU4 0UN,,,,,,,,,,,,,,,,,,,,,,,,,,,
,,,Littleham Cross,,,8-10 Littleham Road,Exmouth,Devon,eng,EX8 2QG,,,,,,,,,,,,,,,,,,,,,,,,,,,
,,,Liverpool - Myrtle Street,,,2G Myrtle Street,Liverpool,Merseyside,eng,L7 7DP,,,,,,,,,,,,,,,,,,,,,,,,,,,
,,,London - 17 Moorgate,,,17 Moorgate,London,Greater London,eng,EC2R 6AR,,,,,,,,,,,,,,,,,,,,,,,,,,,
,,,London - 43 Friern Barnet Road,,,43 Friern Barnet Road,London,Greater London,eng,N11 1NE,,,,,,,,,,,,,,,,,,,,,,,,,,,
,,,London - Balham High Road,,,193 Balham High Road,London,Greater London,eng,SW12 9BE,,,,,,,,,,,,,,,,,,,,,,,,,,,
,,,London - Chiswick High Road,,,578-586 Chiswick High Road,London,Greater London,eng,W4 5RP,,,,,,,,,,,,,,,,,,,,,,,,,,,
,,,London - City Road,,,271-273 City Road,London,Greater London,eng,EC1V 1LA,,,,,,,,,,,,,,,,,,,,,,,,,,,
,,,London - Deptford Bridge,,,33-49 Deptford Bridge,London,Greater London,eng,SE8 4HH,,,,,,,,,,,,,,,,,,,,,,,,,,,
,,,"London - Hendon Waterside, Hendon",,,West Hendon Broadway,London,Greater London,eng,NW9 7ED,,,,,,,,,,,,,,,,,,,,,,,,,,,
,,,London - South End,,,40-42 South End,Croydon,Surrey,eng,CR0 1DP,,,,,,,,,,,,,,,,,,,,,,,,,,,
,,,London - South Lambeth Road,,,173-175 South Lambeth Road,London,Greater London,eng,SW8 1XW,,,,,,,,,,,,,,,,,,,,,,,,,,,
,,,London - Sumner Street,,,3 Sumner Street,London,Greater London,eng,SE1 9RE,,,,,,,,,,,,,,,,,,,,,,,,,,,
,,,London Road - Macclesfield,,,155 London Road,Macclesfield,Cheshire,eng,SK11 7SP,,,,,,,,,,,,,,,,,,,,,,,,,,,
,,,Longstanton - High Street,,,93 High Street,Cambridge,Cambridgeshire,eng,CB24 3BT,,,,,,,,,,,,,,,,,,,,,,,,,,,
,,,Lostock Hall - Watkin Lane,,,35 Watkin Lane,Preston,Lancashire,eng,PR5 5RE,,,,,,,,,,,,,,,,,,,,,,,,,,,
,,,Louth - Newmarket,,,155 Newmarket,Louth,Lincolnshire,eng,LN11 9EH,,,,,,,,,,,,,,,,,,,,,,,,,,,
,,,Low Moorside,,,Low Moorside,Leeds,West Yorkshire,eng,LS12 5EA,,,,,,,,,,,,,,,,,,,,,,,,,,,
,,,Lowdham,,,38 Main Street,Nottingham,Nottinghamshire,eng,NG14 7AG,,,,,,,,,,,,,,,,,,,,,,,,,,,
,,,Lowton,,,237 Church Lane,Warrington,Cheshire,eng,WA3 2RZ,,,,,,,,,,,,,,,,,,,,,,,,,,,
,,,LSHF Northolt,,,52-58 Church Road,Northolt,Middlesex,eng,UB5 5AB,,,,,,,,,,,,,,,,,,,,,,,,,,,
,,,Luton - Hancock Drive,,,Hancock Drive,Luton,Bedfordshire,eng,LU2 7SF,,,,,,,,,,,,,,,,,,,,,,,,,,,
,,,Lynemouth,,,West Market Street,Morpeth,Northumberland,eng,NE61 5TS,,,,,,,,,,,,,,,,,,,,,,,,,,,
,,,Maidstone - Loose Road,,,1 Loose Road,Maidstone,Kent,eng,ME15 7BW,,,,,,,,,,,,,,,,,,,,,,,,,,,
,,,Maidstone - Willington Street,,,427 Willington Street,Maidstone,Kent,eng,ME15 8HD,,,,,,,,,,,,,,,,,,,,,,,,,,,
,,,Malmesbury,,,8 High Street,Malmesbury,Wiltshire,eng,SN16 9AU,,,,,,,,,,,,,,,,,,,,,,,,,,,
,,,Malvern Link,,,162 Worcester Road,Malvern,Worcestershire,eng,WR14 1AA,,,,,,,,,,,,,,,,,,,,,,,,,,,
,,,"Malvern Link - Upper Howsell
Road",,,67 Upper Howsell Road,Malvern,Worcestershire,eng,WR14 1TP,,,,,,,,,,,,,,,,,,,,,,,,,,,
,,,Manchester - Angel Street,,,4 Angel Street,Manchester,Greater Manchester,eng,M4 4HT,,,,,,,,,,,,,,,,,,,,,,,,,,,
,,,Manchester - High Street,,,38 High Street,Manchester,Greater Manchester,eng,M4 1QB,,,,,,,,,,,,,,,,,,,,,,,,,,,
,,,Manchester - Oxford Road,,,Booth Street West,Manchester,Greater Manchester,eng,M13 9GP,,,,,,,,,,,,,,,,,,,,,,,,,,,
,,,Manchester - Piccadilly,,,Piccadilly Approach,Manchester,Greater Manchester,eng,M1 2GH,,,,,,,,,,,,,,,,,,,,,,,,,,,
,,,Manchester - Spinningfields,,,18-22 Bridge Street,Manchester,Greater Manchester,eng,M3 3BZ,,,,,,,,,,,,,,,,,,,,,,,,,,,
,,,Manor Parade,,,13 Manor Parade,Worthing,West Sussex,eng,BN13 2JP,,,,,,,,,,,,,,,,,,,,,,,,,,,
,,,Manor Park,,,40 Manor Park Centre,Sheffield,South Yorkshire,eng,S2 1WE,,,,,,,,,,,,,,,,,,,,,,,,,,,
,,,Maple Road,,,Maple Road,Manchester,Greater Manchester,eng,M23 9HJ,,,,,,,,,,,,,,,,,,,,,,,,,,,
,,,Marple - Church Street,,,92 - 94 Church Lane,Stockport,Cheshire,eng,SK6 7AR,,,,,,,,,,,,,,,,,,,,,,,,,,,
,,,Matlock,,,3 Firs Parade,Matlock,Derbyshire,eng,DE4 3AS,,,,,,,,,,,,,,,,,,,,,,,,,,,
,,,Melksham - Cranesbill Road,,,"Verbena Court, Cranesbill Road",Melksham,Wiltshire,eng,SN12 7GS,,,,,,,,,,,,,,,,,,,,,,,,,,,
,,,Merstham - Portland Drive,,,Portland Drive,Redhill,Surrey,eng,RH1 3HU,,,,,,,,,,,,,,,,,,,,,,,,,,,
,,,Middlegate,,,Manby Middlegate,Louth,Lincolnshire,eng,LN11 8SU,,,,,,,,,,,,,,,,,,,,,,,,,,,
,,,Middlesbrough,,,469 Linthorpe Road,Middlesbrough,Cleveland,eng,TS5 6HX,,,,,,,,,,,,,,,,,,,,,,,,,,,
,,,Millom,,,33-35 Lapstone Road,Millom,Cumbria,eng,LA18 4BT,,,,,,,,,,,,,,,,,,,,,,,,,,,
,,,Milton Keynes - Dunthorne Way,,,"130 Dunthorne Way, New Hill Place",Milton Keynes,Buckinghamshire,eng,MK8 0LW,,,,,,,,,,,,,,,,,,,,,,,,,,,
,,,Milton Keynes - Kingsmead South,,,King Street,Milton Keynes,Buckinghamshire,eng,MK4 4AS,,,,,,,,,,,,,,,,,,,,,,,,,,,
,,,Milton Keynes - Monkston Park,,,Plaistow Crescent,Milton Keynes,Buckinghamshire,eng,MK10 9PN,,,,,,,,,,,,,,,,,,,,,,,,,,,
,,,Minster - Aspen Drive,,,Aspen Drive,Sheerness,Kent,eng,ME12 3UD,,,,,,,,,,,,,,,,,,,,,,,,,,,
,,,Mirfield,,,Huddersfield Road,Mirfield,West Yorkshire,eng,WF14 8AN,,,,,,,,,,,,,,,,,,,,,,,,,,,
,,,Moira - Shortheath Road,,,Shortheath Road,Swadlincote,Derbyshire,eng,DE12 6AL,,,,,,,,,,,,,,,,,,,,,,,,,,,
,,,Monkton Heathfield - School Road,,,School Road,Taunton,Somerset,eng,TA2 8PB,,,,,,,,,,,,,,,,,,,,,,,,,,,
,,,Moor Road,,,152 Moor Road,Chorley,Lancashire,eng,PR7 2LU,,,,,,,,,,,,,,,,,,,,,,,,,,,
,,,Moorside Oldham,,,Ripponden Road,Oldham,Lancashire,eng,OL4 2LN,,,,,,,,,,,,,,,,,,,,,,,,,,,
,,,Moortown,,,399 Harrogate Road,Leeds,West Yorkshire,eng,LS17 6DJ,,,,,,,,,,,,,,,,,,,,,,,,,,,
,,,Morecambe,,,22 Glentworth Road West,Morecambe,Lancashire,eng,LA4 4SZ,,,,,,,,,,,,,,,,,,,,,,,,,,,
,,,Morley Road,,,Morley Road,Burntwood,Staffordshire,eng,WS7 9AZ,,,,,,,,,,,,,,,,,,,,,,,,,,,
,,,Morpeth - Loansdean,,,A197,Morpeth,Northumberland,eng,NE61 2DR,,,,,,,,,,,,,,,,,,,,,,,,,,,
,,,Mortimer Road - South Shields,,,Mortimer Road,South Shields,Tyne and Wear,eng,NE34 0RU,,,,,,,,,,,,,,,,,,,,,,,,,,,
,,,Morton,,,Stonegarth Road,Carlisle,Cumbria,eng,CA2 6PD,,,,,,,,,,,,,,,,,,,,,,,,,,,
,,,Moseley,,,154-158 Alcester Road,Birmingham,West Midlands,eng,B13 8HS,,,,,,,,,,,,,,,,,,,,,,,,,,,
,,,Mowden,,,102-106 Fulthorpe Avenue,Darlington,County Durham,eng,DL3 9XT,,,,,,,,,,,,,,,,,,,,,,,,,,,
,,,Murdishaw,,,The Ridgeway,Runcorn,Cheshire,eng,WA7 6ER,,,,,,,,,,,,,,,,,,,,,,,,,,,
,,,Nab Lane,,,Nab Lane,Mirfield,West Yorkshire,eng,WF14 9BN,,,,,,,,,,,,,,,,,,,,,,,,,,,
,,,New Kings Road - Fulham,,,100 New Kings Road,London,Greater London,eng,SW6 4LX,,,,,,,,,,,,,,,,,,,,,,,,,,,
,,,New Street - Chelmsford,,,"Corner of Marconi Street and
New St",Chelmsford,Essex,eng,CM1 1PP,,,,,,,,,,,,,,,,,,,,,,,,,,,
,,,New Upton,,,Waggon Lane,Pontefract,West Yorkshire,eng,WF9 1JT,,,,,,,,,,,,,,,,,,,,,,,,,,,
,,,Newbold,,,19 Main Street,Rugby,Warwickshire,eng,CV21 1HH,,,,,,,,,,,,,,,,,,,,,,,,,,,
,,,Newbold Village - Chesterfield,,,74 Newbold Village,Chesterfield,Derbyshire,eng,S41 8RJ,,,,,,,,,,,,,,,,,,,,,,,,,,,
,,,Newlands Park,,,42-46 Newlands Park,Scarborough,North Yorkshire,eng,YO12 6DJ,,,,,,,,,,,,,,,,,,,,,,,,,,,
,,,Newlyn,,,18 The Strand,Penzance,Cornwall,eng,TR18 5HN,,,,,,,,,,,,,,,,,,,,,,,,,,,
,,,Newport Pagnell - High Street,,,62 High Street,Newport Pagnell,Milton Keynes,eng,MK16 8AQ,,,,,,,,,,,,,,,,,,,,,,,,,,,
,,,Norbury - London Road,,,1485-1489 London Road,London,Greater London,eng,SW16 4AE,,,,,,,,,,,,,,,,,,,,,,,,,,,
,,,North Somercotes - Conisholme Road,,,Conisholme Road,Louth,Lincolnshire,eng,LN11 7PR,,,,,,,,,,,,,,,,,,,,,,,,,,,
,,,Northampton - Olden Road,,,Olden Road,Northampton,Northamptonshire,eng,NN3 5DD,,,,,,,,,,,,,,,,,,,,,,,,,,,
,,,Northenden Road,,,4-6 Northenden Road,Sale,Cheshire,eng,M33 3BR,,,,,,,,,,,,,,,,,,,,,,,,,,,
,,,Northern Avenue,,,137 Northern Avenue,Sheffield,South Yorkshire,eng,S2 2EJ,,,,,,,,,,,,,,,,,,,,,,,,,,,
,,,Northern Way,,,Unit 5 Neighboroughood Centre,Wellingborough,Northamptonshire,eng,NN8 4UF,,,,,,,,,,,,,,,,,,,,,,,,,,,
,,,Northfleet,,,14-18 Perry Street,Gravesend,Kent,eng,DA11 8QU,,,,,,,,,,,,,,,,,,,,,,,,,,,
,,,Northolt,,,52-58 Church Road,Northolt,Greater London,eng,UB5 5AB,,,,,,,,,,,,,,,,,,,,,,,,,,,
,,,Northwich - Cheshire Avenue,,,Cheshire Avenue,Northwich,Cheshire,eng,CW9 7UA,,,,,,,,,,,,,,,,,,,,,,,,,,,
,,,Nottingham - Kimberley -Maws Lane,,,Maws Lane,Nottingham,Nottinghamshire,eng,NG16 2JE,,,,,,,,,,,,,,,,,,,,,,,,,,,
,,,Nottingham - University Boulevard,,,215 University Boulevard,Nottingham,Nottinghamshire,eng,NG9 2GJ,,,,,,,,,,,,,,,,,,,,,,,,,,,
,,,Nuneaton,,,Cambourne Drive,Nuneaton,Warwickshire,eng,CV11 6GU,,,,,,,,,,,,,,,,,,,,,,,,,,,
,,,Nunhead - Evelina Road,,,88-96 Evelina Road,London,Greater London,eng,SE15 3HL,,,,,,,,,,,,,,,,,,,,,,,,,,,
,,,Oakdale - Oakdale Road,,,74 Oakdale Road,Poole,Dorset,eng,BH15 3LG,,,,,,,,,,,,,,,,,,,,,,,,,,,
,,,Oakley - Oakley Lane,,,32 Oakley Lane,Basingstoke,Hampshire,eng,RG23 7JY,,,,,,,,,,,,,,,,,,,,,,,,,,,
,,,Offerton,,,4 Fulmar Drive,Stockport,Cheshire,eng,SK2 5JL,,,,,,,,,,,,,,,,,,,,,,,,,,,
,,,Old Street,,,185 Old Street,London,Greater London,eng,EC1V 9NP,,,,,,,,,,,,,,,,,,,,,,,,,,,
,,,Old Windsor,,,36 St Lukes Road,Windsor,Berkshire,eng,SL4 2QQ,,,,,,,,,,,,,,,,,,,,,,,,,,,
,,,Orpington,,,2-3 Crescent Way,Orpington,Kent,eng,BR6 9LP,,,,,,,,,,,,,,,,,,,,,,,,,,,
,,,Oughtibridge - Langsett Road,,,145 - 149 Langsett Road South,Sheffield,South Yorkshire,eng,S35 0GY,,,,,,,,,,,,,,,,,,,,,,,,,,,
,,,Outwood,,,Meadow Vale,Wakefield,West Yorkshire,eng,WF1 3TR,,,,,,,,,,,,,,,,,,,,,,,,,,,
,,,Overpool Road,,,14a Overpool Road,Ellesmere Port,Cheshire,eng,CH66 1JN,,,,,,,,,,,,,,,,,,,,,,,,,,,
,,,Paignton - Hookhills Road,,,Hookhills Road,Paignton,Devon,eng,TQ4 7LY,,,,,,,,,,,,,,,,,,,,,,,,,,,
,,,Pannal - Station Road,,,Station Road,Harrogate,North Yorkshire,eng,HG3 1JN,,,,,,,,,,,,,,,,,,,,,,,,,,,
,,,Par - Par Green,,,107 Par Green,Par,Cornwall,eng,PL24 2AG,,,,,,,,,,,,,,,,,,,,,,,,,,,
,,,Park Gate,,,Bridge Road,Southampton,Hampshire,eng,SO31 7GE,,,,,,,,,,,,,,,,,,,,,,,,,,,
,,,Penketh - Warrington Road,,,176-178 Warrington Road,Warrington,Cheshire,eng,WA5 2LZ,,,,,,,,,,,,,,,,,,,,,,,,,,,
,,,Peterborough - Oundle Road,,,490 Oundle Road,Peterborough,Cambridgeshire,eng,PE2 7DF,,,,,,,,,,,,,,,,,,,,,,,,,,,
,,,Peterborough - Thorpe Road,,,Thorpe Road,Peterbrough,Cambridgeshire,eng,PE3 6AP,,,,,,,,,,,,,,,,,,,,,,,,,,,
,,,Petrol Amesbury - Mid Summer Place,,,Mid Summer Place,Salisbury,Wiltshire,eng,SP4 7SQ,,,,,,,,,,,,,,,,,,,,,,,,,,,
,,,Petrol Aperfield,,,141 Main Road,Westerham,Kent,eng,TN16 3DX,,,,,,,,,,,,,,,,,,,,,,,,,,,
,,,Petrol Aston,,,Worksop Road,Sheffield,South Yorkshire,eng,S26 2EA,,,,,,,,,,,,,,,,,,,,,,,,,,,
,,,Petrol Basingstoke,,,Grove Road,Basingstoke,Hampshire,eng,RG21 3AX,,,,,,,,,,,,,,,,,,,,,,,,,,,
,,,Petrol Botley,,,Grange Road,Southampton,Hampshire,eng,SO30 2FU,,,,,,,,,,,,,,,,,,,,,,,,,,,
,,,Petrol Bovey Tracey,,,Newton Road,Newton Abbot,Devon,eng,TQ13 9DX,,,,,,,,,,,,,,,,,,,,,,,,,,,
,,,Petrol Bradfield Road,,,Bradfield Road,Crewe,Cheshire,eng,CW1 3RD,,,,,,,,,,,,,,,,,,,,,,,,,,,
,,,Petrol Burwell - Ness Road,,,Ness Road,Cambridge,Cambridgeshire,eng,CB25 0AA,,,,,,,,,,,,,,,,,,,,,,,,,,,
,,,Petrol Caledonian,,,219-227 Caledonian Road,London,Greater London,eng,N1 0SL,,,,,,,,,,,,,,,,,,,,,,,,,,,
,,,Petrol Cirencester,,,Burford Road,Cirencester,Gloucestershire,eng,GL7 5DS,,,,,,,,,,,,,,,,,,,,,,,,,,,
,,,Petrol City Way,,,342 City Way,Rochester,Kent,eng,ME1 2BJ,,,,,,,,,,,,,,,,,,,,,,,,,,,
,,,Petrol Clitheroe,,,Holm Road,"Barrow, Clitheroe",Lancashire,eng,BB7 9WF,,,,,,,,,,,,,,,,,,,,,,,,,,,
,,,Petrol Colne Valley,,,819 Manchester Road,Huddersfield,West Yorkshire,eng,HD4 5SX,,,,,,,,,,,,,,,,,,,,,,,,,,,
,,,Petrol Cramlington,,,Moorfarm Roundabout,Cramlington,Northumberland,eng,NE23 7QA,,,,,,,,,,,,,,,,,,,,,,,,,,,
,,,Petrol Cross Hillocks,,,Manchester Road,Manchester,Greater Manchester,eng,M29 7BQ,,,,,,,,,,,,,,,,,,,,,,,,,,,
,,,Petrol Cupid Green,,,Redbourn Road,Hemel Hempstead,Hertfordshire,eng,HP2 7BA,,,,,,,,,,,,,,,,,,,,,,,,,,,
,,,Petrol Dearnside,,,The Cross,Barnsley,South Yorkshire,eng,S75 4LX,,,,,,,,,,,,,,,,,,,,,,,,,,,
,,,Petrol Duffield Road,,,27 Duffield Road,Derby,Derbyshire,eng,DE1 3BH,,,,,,,,,,,,,,,,,,,,,,,,,,,
,,,Petrol Evesham,,,A46 Evesham Bypass,Evesham,Worcestershire,eng,WR11 4TP,,,,,,,,,,,,,,,,,,,,,,,,,,,
,,,Petrol Gomersal,,,Oxford Road,Cleckheaton,West Yorkshire,eng,BD19 4PY,,,,,,,,,,,,,,,,,,,,,,,,,,,
,,,Petrol Gosforth Park,,,Rotary Way,Newcastle Upon Tyne,Tyne and Wear,eng,NE3 5EH,,,,,,,,,,,,,,,,,,,,,,,,,,,
,,,Petrol Handbridge - Queen’s Park Rd,,,Queen’s Park Road,Chester,Cheshire,eng,CH4 7JF,,,,,,,,,,,,,,,,,,,,,,,,,,,
,,,Petrol Harborne,,,261-263 High Street,Birmingham,West Midlands,eng,B17 9QG,,,,,,,,,,,,,,,,,,,,,,,,,,,
,,,Petrol Holmes Chapel,,,Middlewich Road,Crewe,Cheshire,eng,CW4 7ES,,,,,,,,,,,,,,,,,,,,,,,,,,,
,,,Petrol Honley,,,Huddersfield Road,Holmfirth,West Yorkshire,eng,HD9 6LT,,,,,,,,,,,,,,,,,,,,,,,,,,,
,,,Petrol Hornchurch,,,Billet Lane,Hornchurch,Essex,eng,RM11 1XA,,,,,,,,,,,,,,,,,,,,,,,,,,,
,,,Petrol Horsham,,,Worthing Road,Horsham,West Sussex,eng,RH13 8LW,,,,,,,,,,,,,,,,,,,,,,,,,,,
,,,Petrol Ilkeston - Heanor Road,,,242 Heanor Road,Ilkeston,Derbyshire,eng,DE7 8TG,,,,,,,,,,,,,,,,,,,,,,,,,,,
,,,Petrol Lansdowne,,,157 Holdenhurst Road,Bournemouth,Dorset,eng,BH8 8DQ,,,,,,,,,,,,,,,,,,,,,,,,,,,
,,,Petrol Launceston - Western Road,,,Wobern Garage,Launceston,Cornwall,eng,PL15 7AU,,,,,,,,,,,,,,,,,,,,,,,,,,,
,,,Petrol Lees Corner,,,Uxbridge Road,Uxbridge,Greater London,eng,UB10 0NZ,,,,,,,,,,,,,,,,,,,,,,,,,,,
,,,Petrol Lilliput,,,291 Sandbanks Road,Poole,Dorset,eng,BH14 8EZ,,,,,,,,,,,,,,,,,,,,,,,,,,,
,,,Petrol Locking - Locking Moor Road,,,Locking Moor Road,Weston-Super-Mare,Somerset,eng,BS24 8EL,,,,,,,,,,,,,,,,,,,,,,,,,,,
,,,Petrol Lutterworth,,,77 Lutterworth Road,Blaby,Leicestershire,eng,LE8 4DX,,,,,,,,,,,,,,,,,,,,,,,,,,,
,,,Petrol Maidenhead,,,143 Bridge Road,Maidenhead,Berkshire,eng,SL6 8NH,,,,,,,,,,,,,,,,,,,,,,,,,,,
,,,Petrol Malborough,,,Salcombe Road Garage,Kingsbridge,Devon,eng,TQ7 3BU,,,,,,,,,,,,,,,,,,,,,,,,,,,
,,,Petrol Mapperley,,,705 Woodborough Road,Nottingham,Nottinghamshire,eng,NG3 5QG,,,,,,,,,,,,,,,,,,,,,,,,,,,
,,,Petrol Marksbury,,,Westway Garages,Bath,Avon,eng,BA2 9HN,,,,,,,,,,,,,,,,,,,,,,,,,,,
,,,Petrol Marple,,,151 Stockport Road,Stockport,Cheshire,eng,SK6 6DQ,,,,,,,,,,,,,,,,,,,,,,,,,,,
,,,Petrol Millbrook,,,Millbrook Road,Southampton,Hampshire,eng,SO15 0JU,,,,,,,,,,,,,,,,,,,,,,,,,,,
,,,Petrol Minsterley,,,Station Road,Shrewsbury,Shropshire,eng,SY5 0BE,,,,,,,,,,,,,,,,,,,,,,,,,,,
,,,Petrol Mytholmroyd,,,Burnley Road,Hebden Bridge,West Yorkshire,eng,HX7 5DE,,,,,,,,,,,,,,,,,,,,,,,,,,,
,,,Petrol Nelson Road,,,"The Boulevard, Nelson Road",Worthing,West Sussex,eng,BN13 1JY,,,,,,,,,,,,,,,,,,,,,,,,,,,
,,,Petrol Oak Road - Fareham,,,165 Highlands Road,Fareham,Hampshire,eng,PO15 5PR,,,,,,,,,,,,,,,,,,,,,,,,,,,
,,,Petrol Pangbourne,,,329 Reading Road,Reading,Berkshire,eng,RG8 7JE,,,,,,,,,,,,,,,,,,,,,,,,,,,
,,,Petrol Polegate - Hailsham Road,,,Hailsham Road,Polegate,East Sussex,eng,BN26 6QL,,,,,,,,,,,,,,,,,,,,,,,,,,,
,,,Petrol Pounds Hill,,,Balcombe Road,Crawley,West Sussex,eng,RH10 7RU,,,,,,,,,,,,,,,,,,,,,,,,,,,
,,,Petrol Princess Parkway,,,849 Princess Road,Manchester,Greater Manchester,eng,M20 2ZF,,,,,,,,,,,,,,,,,,,,,,,,,,,
,,,Petrol Prudhoe,,,Front Street,Prudhoe,Northumberland,eng,NE42 5DH,,,,,,,,,,,,,,,,,,,,,,,,,,,
,,,Petrol Retford - North Road,,,North Road,Retford,Nottinghamshire,eng,DN22 7XQ,,,,,,,,,,,,,,,,,,,,,,,,,,,
,,,Petrol Rochester,,,Anthonys Way,Rochester,Kent,eng,ME2 4DW,,,,,,,,,,,,,,,,,,,,,,,,,,,
,,,Petrol Sandford,,,Main Road,Wareham,Dorset,eng,BH20 7AQ,,,,,,,,,,,,,,,,,,,,,,,,,,,
,,,Petrol Saxon Cross,,,Congleton Road,Sandbach,Cheshire,eng,CW11 4SP,,,,,,,,,,,,,,,,,,,,,,,,,,,
,,,Petrol Sherborne Road,,,Sherborne Road,Yeovil,Somerset,eng,BA21 5BQ,,,,,,,,,,,,,,,,,,,,,,,,,,,
,,,Petrol Shirehampton - High Street,,,High Street,Bristol,Avon,eng,BS11 0DE,,,,,,,,,,,,,,,,,,,,,,,,,,,
,,,Petrol Swanley,,,73-75 High Street,Swanley,Kent,eng,BR8 8AF,,,,,,,,,,,,,,,,,,,,,,,,,,,
,,,Petrol Three Peaks,,,New Road,Carnforth,Lancashire,eng,LA6 3DL,,,,,,,,,,,,,,,,,,,,,,,,,,,
,,,Petrol Washington - Parsons Road,,,Parsons Road,Washington,County Durham,eng,NE37 1EZ,,,,,,,,,,,,,,,,,,,,,,,,,,,
,,,Petrol Westway,,,Castle Lane West,Bournemouth,Dorset,eng,BH9 3JZ,,,,,,,,,,,,,,,,,,,,,,,,,,,
,,,Petrol Whitefriars,,,9 Church Street,Settle,North Yorkshire,eng,BD24 9JD,,,,,,,,,,,,,,,,,,,,,,,,,,,
,,,Pickford Lane,,,4-12 Pickford Lane,Bexleyheath,Kent,eng,DA7 4QW,,,,,,,,,,,,,,,,,,,,,,,,,,,
,,,Pickup Street,,,19-21 Pickup Street,Accrington,Lancashire,eng,BB5 5NS,,,,,,,,,,,,,,,,,,,,,,,,,,,
,,,Pilton - St Mary’s Lane,,,St Mary’s Lane,Shepton Mallet,Somerset,eng,BA4 4BB,,,,,,,,,,,,,,,,,,,,,,,,,,,
,,,Plaza Parade - Worthing,,,Plaza Parade,Worthing,West Sussex,eng,BN11 3JG,,,,,,,,,,,,,,,,,,,,,,,,,,,
,,,Plymouth - Frogmore Avenue,,,Frogmore Avenue,Plymouth,Devon,eng,PL6 5XH,,,,,,,,,,,,,,,,,,,,,,,,,,,
,,,Ponteland,,,15 Broadway,"Newcastle Upon
Tyne",Northumberland,eng,NE20 9PW,,,,,,,,,,,,,,,,,,,,,,,,,,,
,,,Poole - Ashley Cross,,,Commercial Road,Poole,Dorset,eng,BH14 0JD,,,,,,,,,,,,,,,,,,,,,,,,,,,
,,,Poole - Ashley Road,,,Ashley Road,Poole,Dorset,eng,BH14 0AW,,,,,,,,,,,,,,,,,,,,,,,,,,,
,,,Portslade - Mile Oak Road,,,Mile Oak Road,Brighton,East Sussex,eng,BN41 2RB,,,,,,,,,,,,,,,,,,,,,,,,,,,
,,,Preesall - Sandy Lane,,,Sandy Lane,Poulton-le-Fylde,Lancashire,eng,FY6 0EJ,,,,,,,,,,,,,,,,,,,,,,,,,,,
,,,Preston - Garstang Road,,,166 Garstang Road,Preston,Lancashire,eng,PR2 8NB,,,,,,,,,,,,,,,,,,,,,,,,,,,
,,,Princess Drive,,,143 Princess Drive,Grantham,Lincolnshire,eng,NG31 9QN,,,,,,,,,,,,,,,,,,,,,,,,,,,
,,,Princess Drive - Seaford,,,123 Princess Drive,Seaford,East Sussex,eng,BN25 2TZ,,,,,,,,,,,,,,,,,,,,,,,,,,,
,,,Priorslee,,,Priorslee Hall Farm,Telford,Shropshire,eng,TF2 9NR,,,,,,,,,,,,,,,,,,,,,,,,,,,
,,,Priorswood Place,,,6-8 Priorswood Place,Taunton,Somerset,eng,TA2 7JW,,,,,,,,,,,,,,,,,,,,,,,,,,,
,,,Pyrford,,,1 Marshal Parade,Woking,Surrey,eng,GU22 8SW,,,,,,,,,,,,,,,,,,,,,,,,,,,
,,,Queens Park - Salusbury Road,,,105-109 Salusbury Road,London,Greater London,eng,NW6 6RG,,,,,,,,,,,,,,,,,,,,,,,,,,,
,,,Queens Square - Penzance,,,6 Queens Square,Penzance,Cornwall,eng,TR18 2JJ,,,,,,,,,,,,,,,,,,,,,,,,,,,
,,,Ramsgate,,,Grange Road,Ramsgate,Kent,eng,CT11 9NA,,,,,,,,,,,,,,,,,,,,,,,,,,,
,,,Rawmarsh,,,115 Claypitt Lane,Rotherham,South Yorkshire,eng,S62 5DY,,,,,,,,,,,,,,,,,,,,,,,,,,,
,,,Red House - Perranporth,,,1 Boscawen Road,Perranporth,Cornwall,eng,TR6 0EW,,,,,,,,,,,,,,,,,,,,,,,,,,,
,,,Redditch - Evesham Road,,,524 Evesham Road,Redditch,Worcestershire,eng,B97 5JN,,,,,,,,,,,,,,,,,,,,,,,,,,,
,,,Redhill Road,,,63 Redhill Road,Stockton-On-Tees,Cleveland,eng,TS19 9BX,,,,,,,,,,,,,,,,,,,,,,,,,,,
,,,Ridgeway,,,The Ridgeway,Plymouth,Devon,eng,PL7 2AW,,,,,,,,,,,,,,,,,,,,,,,,,,,
,,,Romford - Main Road,,,97-101 Main Road,Romford,Essex,eng,RM2 5EL,,,,,,,,,,,,,,,,,,,,,,,,,,,
,,,Romford - South Street,,,112-116 South Street,Romford,Essex,eng,RM1 1SS,,,,,,,,,,,,,,,,,,,,,,,,,,,
,,,Rooley Moor Road,,,249-251 Rooley Moor Road,Rochdale,Lancashire,eng,OL12 7EA,,,,,,,,,,,,,,,,,,,,,,,,,,,
,,,Rosudgeon - Main Road,,,Main Road,Penzance,Cornwall,eng,TR20 9QE,,,,,,,,,,,,,,,,,,,,,,,,,,,
,,,Rotherhithe Street - London,,,346 Rotherhithe Street,London,Greater London,eng,SE16 5EF,,,,,,,,,,,,,,,,,,,,,,,,,,,
,,,Royal Albert Wharf-Gallions Quarter,,,"Armada South, Gallions Quarter",London,Greater London,eng,E6 7AB,,,,,,,,,,,,,,,,,,,,,,,,,,,
,,,Rugby - Clifton Road,,,31B Clifton Road,Rugby,Warwickshire,eng,CV21 3PY,,,,,,,,,,,,,,,,,,,,,,,,,,,
,,,Runcorn,,,Windmill Hill Ave West,Runcorn,Cheshire,eng,WA7 6QZ,,,,,,,,,,,,,,,,,,,,,,,,,,,
,,,Runcorn - Halton Road,,,53 Halton Road,Runcorn,Cheshire,eng,WA7 5QU,,,,,,,,,,,,,,,,,,,,,,,,,,,
,,,Rushden - Grangeway,,,Grangeway,Rushden,Northamptonshire,eng,NN10 9JE,,,,,,,,,,,,,,,,,,,,,,,,,,,
,,,Saighton - Sandy Lane,,,,Saighton,Cheshire,eng,CH3 6BB,,,,,,,,,,,,,,,,,,,,,,,,,,,
,,,Sale - Washway Road,,,384 Washway Road,Sale,Greater Manchester,eng,M33 4JH,,,,,,,,,,,,,,,,,,,,,,,,,,,
,,,Salford - Clippers Quay,,,Clippers Quay,Salford,Greater Manchester,eng,M50 3XP,,,,,,,,,,,,,,,,,,,,,,,,,,,
,,,Salford - Media City,,,Red Road,Salford,Lancashire,eng,M50 2BS,,,,,,,,,,,,,,,,,,,,,,,,,,,
,,,Salford - Middlewood Locks,,,1 Lockgate Square,Salford,Lancashire,eng,M5 4YU,,,,,,,,,,,,,,,,,,,,,,,,,,,
,,,Saltdean,,,51-57 Longridge Ave,Brighton,East Sussex,eng,BN2 8LG,,,,,,,,,,,,,,,,,,,,,,,,,,,
,,,Sandy - Kestrel Way,,,Kestrel Way,Sandy,Bedfordshire,eng,SG19 2TG,,,,,,,,,,,,,,,,,,,,,,,,,,,
,,,School Lane,,,5 School Lane,Stockport,Cheshire,eng,SK12 1AX,,,,,,,,,,,,,,,,,,,,,,,,,,,
,,,Sea Road - Barton on Sea,,,Sea Road,NEW MILTON,Hampshire,eng,BH25 7ND,,,,,,,,,,,,,,,,,,,,,,,,,,,
,,,Sea Street,,,98 Sea Street,Herne Bay,Kent,eng,CT6 8QF,,,,,,,,,,,,,,,,,,,,,,,,,,,
,,,Seascale - Gosforth Road,,,Gosforth Road,Seascale,Cumbria,eng,CA20 1PR,,,,,,,,,,,,,,,,,,,,,,,,,,,
,,,Seaton Sluice Millway Garage,,,Beresford Road,Whitley Bay,Northumberland,eng,NE26 4DP,,,,,,,,,,,,,,,,,,,,,,,,,,,
,,,Semilong,,,31-33 Semilong Road,Northampton,Northamptonshire,eng,NN2 6BH,,,,,,,,,,,,,,,,,,,,,,,,,,,
,,,Seven Kings - Cameron Road,,,Cameron Road,Ilford,Essex,eng,IG3 8LG,,,,,,,,,,,,,,,,,,,,,,,,,,,
,,,Sheddingdean,,,Sheddingdean,Burgess Hill,West Sussex,eng,RH15 8UA,,,,,,,,,,,,,,,,,,,,,,,,,,,
,,,Sheffield - Glossop Road,,,2 Clarkson Street,Sheffield,South Yorkshire,eng,S10 2TQ,,,,,,,,,,,,,,,,,,,,,,,,,,,
,,,Shefford - Old Bridge Way,,,Old Bridge Way,Shefford,Bedfordshire,eng,SG17 5AX,,,,,,,,,,,,,,,,,,,,,,,,,,,
,,,Sherborne,,,Westbridge Park,Sherborne,Dorset,eng,DT9 6AW,,,,,,,,,,,,,,,,,,,,,,,,,,,
,,,Shevington,,,Gathurst Lane,Wigan,Lancashire,eng,WN6 8HA,,,,,,,,,,,,,,,,,,,,,,,,,,,
,,,Shifnal - High Street,,,High Street,Shifnal,Shropshire,eng,TF11 8BL,,,,,,,,,,,,,,,,,,,,,,,,,,,
,,,Shinfield - School Green,,,39 School Green,Reading,Wokingham,eng,RG2 9EE,,,,,,,,,,,,,,,,,,,,,,,,,,,
,,,Shirehampton,,,47-49 High Street,Bristol,Avon,eng,BS11 0DW,,,,,,,,,,,,,,,,,,,,,,,,,,,
,,,Shirley,,,225-227 Wickham Road,Croydon,Surrey,eng,CR0 8TG,,,,,,,,,,,,,,,,,,,,,,,,,,,
,,,Slade Road - Sutton Coldfield,,,Slade Road,Sutton Coldfield,West Midlands,eng,B75 5PF,,,,,,,,,,,,,,,,,,,,,,,,,,,
,,,South Cerney - High Street,,,High Street,Cirencester,Gloucestershire,eng,GL7 5UG,,,,,,,,,,,,,,,,,,,,,,,,,,,
,,,South Coast Road Peacehaven,,,163-165 South Coast Road,Peacehaven,East Sussex,eng,BN10 8NP,,,,,,,,,,,,,,,,,,,,,,,,,,,
,,,South Darenth,,,The Mill,Dartford,Kent,eng,DA4 9BD,,,,,,,,,,,,,,,,,,,,,,,,,,,
,,,South East Road,,,141 South East Road,Southampton,Hampshire,eng,SO19 8JS,,,,,,,,,,,,,,,,,,,,,,,,,,,
,,,South Elmsall,,,58 Ash Grove,Pontefract,West Yorkshire,eng,WF9 2UP,,,,,,,,,,,,,,,,,,,,,,,,,,,
,,,South Lodge Avenue - Mitcham,,,32 South Lodge Avenue,Mitcham,Surrey,eng,CR4 1LU,,,,,,,,,,,,,,,,,,,,,,,,,,,
,,,South Parade - Southsea,,,South Parade,Southsea,Hampshire,eng,PO4 0SS,,,,,,,,,,,,,,,,,,,,,,,,,,,
,,,South Woodford - George Lane,,,55-57 George Lane,South Woodford,London,eng,E18 1JJ,,,,,,,,,,,,,,,,,,,,,,,,,,,
,,,Southend,,,57 Sutton Road,Southend-On-Sea,Essex,eng,SS2 5PB,,,,,,,,,,,,,,,,,,,,,,,,,,,
,,,Southey Green,,,261-263 Southey Green Road,Sheffield,South Yorkshire,eng,S5 7QB,,,,,,,,,,,,,,,,,,,,,,,,,,,
,,,Spen Lane,,,433 Spen Lane,Leeds,West Yorkshire,eng,LS16 6JE,,,,,,,,,,,,,,,,,,,,,,,,,,,
,,,Springfield Stokesley,,,Springfield,Middlesbrough,Cleveland,eng,TS9 5ER,,,,,,,,,,,,,,,,,,,,,,,,,,,
,,,St Andrews Square,,,St Andrews Square,Rotherham,South Yorkshire,eng,S63 8DD,,,,,,,,,,,,,,,,,,,,,,,,,,,
,,,St Annes,,,99 Headroomgate Road,Lytham St Annes,Lancashire,eng,FY8 3BG,,,,,,,,,,,,,,,,,,,,,,,,,,,
,,,St Columb Major - Fore Street,,,56 - 58 Fore Street,St. Columb,Cornwall,eng,TR9 6AL,,,,,,,,,,,,,,,,,,,,,,,,,,,
,,,St Helens,,,449 Prescot Road,St. Helens,Merseyside,eng,WA10 3BD,,,,,,,,,,,,,,,,,,,,,,,,,,,
,,,St Helens - Elton Head Road,,,Elton Head Road,St Helens,Merseyside,eng,WA9 5BT,,,,,,,,,,,,,,,,,,,,,,,,,,,
,,,St Ives,,,Royal Square,Penzance,Cornwall,eng,TR26 2ND,,,,,,,,,,,,,,,,,,,,,,,,,,,
,,,St Ives - The Stennack,,,The Stennack,St Ives,Cornwall,eng,TR26 1DB,,,,,,,,,,,,,,,,,,,,,,,,,,,
,,,St Johns - Worcs,,,8-10 The Bullring,Worcester,Worcestershire,eng,WR2 5AH,,,,,,,,,,,,,,,,,,,,,,,,,,,
,,,St Johns Street,,,100 St. John’s Street,Bridlington,North Humberside,eng,YO16 7JS,,,,,,,,,,,,,,,,,,,,,,,,,,,
,,,St Peters,,,Hopeville Avenue,Broadstairs,Kent,eng,CT10 2TR,,,,,,,,,,,,,,,,,,,,,,,,,,,
,,,St. Albans - London Road,,,40-42 London Road,St Albans,Hertfordshire,eng,AL1 1NG,,,,,,,,,,,,,,,,,,,,,,,,,,,
,,,Staines - London Square,,,126 High Street,Staines-upon-Thames,Middlesex,eng,TW18 4BY,,,,,,,,,,,,,,,,,,,,,,,,,,,
,,,Stannington,,,646-648 Stannington Road,Sheffield,South Yorkshire,eng,S6 6AE,,,,,,,,,,,,,,,,,,,,,,,,,,,
,,,Station Road - Sutton on Sea,,,Station Road,Mablethorpe,Lincolnshire,eng,LN12 2HJ,,,,,,,,,,,,,,,,,,,,,,,,,,,
,,,Stockport - 76-78 Heaton Moor Road,,,76-80 Heaton Moor Road,Stockport,Cheshire,eng,SK4 4NZ,,,,,,,,,,,,,,,,,,,,,,,,,,,
,,,Stockport - Didsbury Road,,,63 Didsbury Road,Stockport,Cheshire,eng,SK4 2BA,,,,,,,,,,,,,,,,,,,,,,,,,,,
,,,Stoke sub Hamdon,,,115 Montacute Road,Yeovil,Somerset,eng,TA14 6UQ,,,,,,,,,,,,,,,,,,,,,,,,,,,
,,,Stoneleigh,,,34-36 Stoneleigh Broadway,Epsom,Surrey,eng,KT17 2HU,,,,,,,,,,,,,,,,,,,,,,,,,,,
,,,Stratford-Upon-Avon Wordsworth Ave,,,Wordsworth Avenue,Stratford-Upon-Avon,Warwickshire,eng,CV37 7BN,,,,,,,,,,,,,,,,,,,,,,,,,,,
,,,Streatham Vale,,,107-109 Streatham Vale,London,Greater London,eng,SW16 5SQ,,,,,,,,,,,,,,,,,,,,,,,,,,,
,,,Stroud Road - Gloucester,,,Stroud Road,Gloucester,Gloucestershire,eng,GL4 0DA,,,,,,,,,,,,,,,,,,,,,,,,,,,
,,,"Sturminster Marshall - Station
Road",,,27 Station Road,Wimborne,Dorset,eng,BH21 4AW,,,,,,,,,,,,,,,,,,,,,,,,,,,
,,,Sunderland - Broadway,,,Springwell Road,Sunderland,Tyne and Wear,eng,SR4 8NW,,,,,,,,,,,,,,,,,,,,,,,,,,,
,,,Surbiton - Ellerton Road,,,2a Ellerton Road,Surbiton,Surrey,eng,KT6 7TX,,,,,,,,,,,,,,,,,,,,,,,,,,,
,,,Sway - Station Road,,,Station Road,Lymington,Hampshire,eng,SO41 6BA,,,,,,,,,,,,,,,,,,,,,,,,,,,
,,,Swinnow Lane,,,Swinnow Lane,Leeds,West Yorkshire,eng,LS13 4RJ,,,,,,,,,,,,,,,,,,,,,,,,,,,
,,,Swinton,,,71 Station Street,Mexborough,South Yorkshire,eng,S64 8PZ,,,,,,,,,,,,,,,,,,,,,,,,,,,
,,,Tang Hall Lane,,,143-145 Tang Hall Lane,York,North Yorkshire,eng,YO10 3SD,,,,,,,,,,,,,,,,,,,,,,,,,,,
,,,Tarleton,,,71 Church Road,Preston,Lancashire,eng,PR4 6UP,,,,,,,,,,,,,,,,,,,,,,,,,,,
,,,Tattenham Corner,,,43-49 Tattenham Crescent,Epsom,Surrey,eng,KT18 5NX,,,,,,,,,,,,,,,,,,,,,,,,,,,
,,,Tavistock,,,Brook Street,Tavistock,Devon,eng,PL19 0BJ,,,,,,,,,,,,,,,,,,,,,,,,,,,
,,,Taylors Road,,,5 Taylors Road,Manchester,Greater Manchester,eng,M32 0JA,,,,,,,,,,,,,,,,,,,,,,,,,,,
,,,Teddington,,,210 Kingston Road,Teddington,Greater London,eng,TW11 9JF,,,,,,,,,,,,,,,,,,,,,,,,,,,
,,,Telford - Stafford Street,,,Stafford Street,Telford,Shropshire,eng,TF2 9JQ,,,,,,,,,,,,,,,,,,,,,,,,,,,
,,,Telford Milners Lane,,,Milners Lane,Telford,Shropshire,eng,TF4 2JH,,,,,,,,,,,,,,,,,,,,,,,,,,,
,,,Templecombe - High Street,,,High Street,Somerset,,eng,BA8 0JA,,,,,,,,,,,,,,,,,,,,,,,,,,,
,,,Thatcham - Harts Hill Road,,,Harts Hill Road,Thatcham,Berkshire,eng,RG18 4NU,,,,,,,,,,,,,,,,,,,,,,,,,,,
,,,Thatcham - Station Road,,,Burwood Centre,Newbury,Hampshire,eng,RG19 4YA,,,,,,,,,,,,,,,,,,,,,,,,,,,
,,,The Hill - Sandbach,,,The Hill,Sandbach,Cheshire,eng,CW11 1HT,,,,,,,,,,,,,,,,,,,,,,,,,,,
,,,Thornhill,,,36 Savile Centre,Dewsbury,West Yorkshire,eng,WF12 0QY,,,,,,,,,,,,,,,,,,,,,,,,,,,
,,,Torquay - Ilsham Road,,,5-7 Ilsham Road,Torquay,Devon,eng,TQ1 2JG,,,,,,,,,,,,,,,,,,,,,,,,,,,
,,,Torquay - Roundhill Road,,,18 Roundhill Road,Torquay,Torbay,eng,TQ2 6TH,,,,,,,,,,,,,,,,,,,,,,,,,,,
,,,Torquay - Torwood Street,,,Torwood Street,Devon,Devonshire,eng,TQ1 1DP,,,,,,,,,,,,,,,,,,,,,,,,,,,
,,,Trehaven Parade,,,4 Trehaven Parade,Reigate,Surrey,eng,RH2 7LL,,,,,,,,,,,,,,,,,,,,,,,,,,,
,,,Tring,,,2-4 Silk Mill Way,Tring,Hertfordshire,eng,HP23 5EP,,,,,,,,,,,,,,,,,,,,,,,,,,,
,,,Troubridge Square - Walthamstow,,,Troubridge Square,London,Greater London,eng,E17 3GN,,,,,,,,,,,,,,,,,,,,,,,,,,,
,,,Twickenham - Hampton Road,,,224-230 Hampton Road,Twickenham,Greater London,eng,TW2 5NJ,,,,,,,,,,,,,,,,,,,,,,,,,,,
,,,Twickenham - Richmond Road,,,71 Richmond Road,Twickenham,Greater London,eng,TW1 3AW,,,,,,,,,,,,,,,,,,,,,,,,,,,
,,,Ulverston - Priory Road,,,Priory Road,Ulverston,Lancashire,eng,LA12 9HR,,,,,,,,,,,,,,,,,,,,,,,,,,,
,,,UNIF Keele University,,,Keele Road,Keele,Staffordshire,eng,ST5 5BJ,,,,,,,,,,,,,,,,,,,,,,,,,,,
,,,Upper Belvedere,,,56 Nuxley Road,Upper Belvedere,Kent,eng,DA17 5JG,,,,,,,,,,,,,,,,,,,,,,,,,,,
,,,Upper Shoreham Rd,,,Upper Shoreham Road,Brighton,West Sussex,eng,BN43 6TB,,,,,,,,,,,,,,,,,,,,,,,,,,,
,,,Upwell - Town Street,,,Town Street,WISBECH,Cambridgeshire,eng,PE14 9AF,,,,,,,,,,,,,,,,,,,,,,,,,,,
,,,Vernon Road,,,2 Vernon Road,Bury,Lancashire,eng,BL8 4DD,,,,,,,,,,,,,,,,,,,,,,,,,,,
,,,Wallington,,,Mollison Drive,Wallington,Surrey,eng,SM6 9DA,,,,,,,,,,,,,,,,,,,,,,,,,,,
,,,Walters Ash,,,312 Main Road,High Wycombe,Buckinghamshire,eng,HP14 4TH,,,,,,,,,,,,,,,,,,,,,,,,,,,
,,,Walthamstow - Billet Road,,,Billet Road,Walthamstow,London,eng,E17 5DT,,,,,,,,,,,,,,,,,,,,,,,,,,,
,,,Wandsworth - Garratt Lane,,,130-138 Garratt Lane,London,Greater London,eng,SW18 4EE,,,,,,,,,,,,,,,,,,,,,,,,,,,
,,,Wandsworth - Steam Bar,,,55-57 East Hill,London,Greater London,eng,SW18 2QE,,,,,,,,,,,,,,,,,,,,,,,,,,,
,,,Watchet,,,42-43 Swain St,Watchet,Somerset,eng,TA23 0AE,,,,,,,,,,,,,,,,,,,,,,,,,,,
,,,Waterhays,,,"Unit 1-3, Barbridge Road",Newcastle-Under-Lyme,Staffordshire,eng,ST5 7SB,,,,,,,,,,,,,,,,,,,,,,,,,,,
,,,Watford Road - Chiswell Green,,,212 Watford Road,St. Albans,Hertfordshire,eng,AL2 3EA,,,,,,,,,,,,,,,,,,,,,,,,,,,
,,,Watford Road - Croxley Green,,,189 - 191 Watford Road,Rickmansworth,Hertfordshire,eng,WD3 3TL,,,,,,,,,,,,,,,,,,,,,,,,,,,
,,,Wesham,,,76-78 Weeton Road,Preston,Lancashire,eng,PR4 3BQ,,,,,,,,,,,,,,,,,,,,,,,,,,,
,,,West Auckland Road,,,25-58 West Auckland Road,Darlington,County Durham,eng,DL3 9EP,,,,,,,,,,,,,,,,,,,,,,,,,,,
,,,West Bridgford,,,Bridgford Road,Nottingham,Nottinghamshire,eng,NG2 6AP,,,,,,,,,,,,,,,,,,,,,,,,,,,
,,,West Kingsdown,,,32-34 Hever Road,Sevenoaks,Kent,eng,TN15 6HD,,,,,,,,,,,,,,,,,,,,,,,,,,,
,,,West Park Village,,,Unit 10,Darlington,County Durham,eng,DL2 2GL,,,,,,,,,,,,,,,,,,,,,,,,,,,
,,,West Point,,,Unit 1b West Point,Leeds,West Yorkshire,eng,LS1 4JJ,,,,,,,,,,,,,,,,,,,,,,,,,,,
,,,Westbury-on-Trym,,,Canford Lane,Bristol,Avon,eng,BS9 3DF,,,,,,,,,,,,,,,,,,,,,,,,,,,
,,,Westdale Lane,,,320 Westdale Lane,Nottingham,Nottinghamshire,eng,NG3 6EU,,,,,,,,,,,,,,,,,,,,,,,,,,,
,,,Westerham,,,6 The Grange,Westerham,Kent,eng,TN16 1RF,,,,,,,,,,,,,,,,,,,,,,,,,,,
,,,Westgate,,,45-47 Westgate,Skelmersdale,Lancashire,eng,WN8 8LP,,,,,,,,,,,,,,,,,,,,,,,,,,,
,,,Westhorne Avenue,,,546-550 Westhorne Ave,London,Greater London,eng,SE9 6DR,,,,,,,,,,,,,,,,,,,,,,,,,,,
,,,Westminster - Portman Square,,,10 Portman Square,London,Greater London,eng,W1U 3AA,,,,,,,,,,,,,,,,,,,,,,,,,,,
,,,Westminster - Westbourne Grove,,,108 Westbourne Grove,London,Greater London,eng,W2 5RU,,,,,,,,,,,,,,,,,,,,,,,,,,,
,,,Westmorland Close,,,16 Westmorland Close,Macclesfield,Cheshire,eng,SK10 3ET,,,,,,,,,,,,,,,,,,,,,,,,,,,
,,,Weston Coyney,,,New Kingsway,Stoke-On-Trent,Staffordshire,eng,ST3 6NA,,,,,,,,,,,,,,,,,,,,,,,,,,,
,,,Westward Ho!,,,2 Golf Links Road,Bideford,Devon,eng,EX39 1LH,,,,,,,,,,,,,,,,,,,,,,,,,,,
,,,Weymouth - Buxton Road,,,10 Buxton Road,Weymouth,Dorset,eng,DT4 9PF,,,,,,,,,,,,,,,,,,,,,,,,,,,
,,,Whetstone - Warwick Road,,,Cambridge Road,Blaby,Leicestershire,eng,LE8 6LF,,,,,,,,,,,,,,,,,,,,,,,,,,,
,,,Whipperley,,,13-15 Market Sq,Luton,Bedfordshire,eng,LU1 5RD,,,,,,,,,,,,,,,,,,,,,,,,,,,
,,,Whitburn - Mill Lane,,,Elders Walk,Sunderland,County Durham,eng,SR6 7EL,,,,,,,,,,,,,,,,,,,,,,,,,,,
,,,Whiteknights Campus - Reading,,,Shinfield Road,Reading,Berkshire,eng,RG6 6UA,,,,,,,,,,,,,,,,,,,,,,,,,,,
,,,Whitley Bay - Earsdon Road,,,Earsdon Road,Whitley Bay,Tyne and Wear,eng,NE25 9SX,,,,,,,,,,,,,,,,,,,,,,,,,,,
,,,Whitley Bay - Marine Avenue,,,Marine Avenue,Whitley Bay,Tyne and Wear,eng,NE26 1LY,,,,,,,,,,,,,,,,,,,,,,,,,,,
,,,Whitstable - Canterbury Rd,,,14-16 Canterbury Road,Whitstable,Kent,eng,CT5 4EX,,,,,,,,,,,,,,,,,,,,,,,,,,,
,,,Wigmore Lane,,,78-80 Wigmore Lane,Luton,Bedfordshire,eng,LU2 8AB,,,,,,,,,,,,,,,,,,,,,,,,,,,
,,,Willesden Green - Walm Lane,,,57-59 Walm Lane,London,Greater London,eng,NW2 4QR,,,,,,,,,,,,,,,,,,,,,,,,,,,
,,,Wilmslow - Water Lane,,,51 Water Lane,Wilmslow,Cheshire,eng,SK9 5AW,,,,,,,,,,,,,,,,,,,,,,,,,,,
,,,Wimbledon - Haydons Road,,,298 Haydons Road,London,Greater London,eng,SW19 8JZ,,,,,,,,,,,,,,,,,,,,,,,,,,,
,,,Wimbledon Chase,,,276-288 Kingston Road,London,Greater London,eng,SW20 8LX,,,,,,,,,,,,,,,,,,,,,,,,,,,
,,,Windermere,,,2 Oak Street,Windermere,Cumbria,eng,LA23 1EN,,,,,,,,,,,,,,,,,,,,,,,,,,,
,,,Windermere Road,,,10-12 Windermere Road,Newcastle-Under-Lyme,Staffordshire,eng,ST5 3HH,,,,,,,,,,,,,,,,,,,,,,,,,,,
,,,Wingate - Durham Road,,,Durham Road,Wingate,County Durham,eng,TS28 5HS,,,,,,,,,,,,,,,,,,,,,,,,,,,
,,,Winnington - District Centre,,,53 Walker Road,NORTHWICH,Cheshire,eng,CW8 4UD,,,,,,,,,,,,,,,,,,,,,,,,,,,
,,,Winstanley New,,,73 Holmes House Avenue,Wigan,Lancashire,eng,WN3 6JA,,,,,,,,,,,,,,,,,,,,,,,,,,,
,,,Winter Hey Lane,,,75-81 Winter Hey Lane,Bolton,Lancashire,eng,BL6 7PA,,,,,,,,,,,,,,,,,,,,,,,,,,,
,,,Wistaston - Crewe Road,,,Crewe Road,Crewe,Cheshire,eng,CW2 6QT,,,,,,,,,,,,,,,,,,,,,,,,,,,
,,,Wiveliscombe,,,The Square,Taunton,Somerset,eng,TA4 2JT,,,,,,,,,,,,,,,,,,,,,,,,,,,
,,,Woking - Westfield Road,,,53 Westfield Road,Woking,Surrey,eng,GU22 9NQ,,,,,,,,,,,,,,,,,,,,,,,,,,,
,,,Wollaton - Lambourne Drive,,,2b Lambourne Drive,Nottingham,Nottinghamshire,eng,NG8 1GR,,,,,,,,,,,,,,,,,,,,,,,,,,,
,,,Woodbridge Hill,,,48 Woodbridge Hill,Guildford,Surrey,eng,GU2 9AB,,,,,,,,,,,,,,,,,,,,,,,,,,,
,,,Woodsetton - Sedgley Road,,,67 Sedgley Road,Dudley,West Midlands,eng,DY1 4NE,,,,,,,,,,,,,,,,,,,,,,,,,,,
,,,Woodway Lane,,,Woodway Lane,Coventry,West Midlands,eng,CV2 2HX,,,,,,,,,,,,,,,,,,,,,,,,,,,
,,,Woolstanwood,,,645 West Street,Crewe,Cheshire,eng,CW2 8SL,,,,,,,,,,,,,,,,,,,,,,,,,,,
,,,Woolston - Bridge Road,,,49-51 Bridge Road,Southampton,Hampshire,eng,SO19 7GP,,,,,,,,,,,,,,,,,,,,,,,,,,,
,,,Woolton,,,273 Speke Road,Liverpool,Merseyside,eng,L25 0NN,,,,,,,,,,,,,,,,,,,,,,,,,,,
,,,Wootton Fields,,,Wootton Fields Centre,Northampton,Northamptonshire,eng,NN4 6DY,,,,,,,,,,,,,,,,,,,,,,,,,,,
,,,Worcester - Barker Street,,,Barker Street,Worcester,Worcestershire,eng,WR3 8NP,,,,,,,,,,,,,,,,,,,,,,,,,,,
,,,Wordsworth Avenue,,,Wordsworth Avenue,Newport Pagnell,Milton Keynes,eng,MK16 8SB,,,,,,,,,,,,,,,,,,,,,,,,,,,
,,,Worle - High Street,,,148 High Street,Weston-Super-Mare,Avon,eng,BS22 6HG,,,,,,,,,,,,,,,,,,,,,,,,,,,
,,,Worthing - Tarring Road,,,49-56 New Broadway,Worthing,West Sussex,eng,BN11 4HS,,,,,,,,,,,,,,,,,,,,,,,,,,,
,,,Wraysbury Windsor Road,,,31 Windsor Road,Staines-Upon-Thames,Greater London,eng,TW19 5DE,,,,,,,,,,,,,,,,,,,,,,,,,,,
,,,Writtle,,,38-40 Long Brandocks,Chelmsford,Essex,eng,CM1 3JP,,,,,,,,,,,,,,,,,,,,,,,,,,,
,,,Wyberton - London Road,,,289 London Road,Boston,Lincolnshire,eng,PE21 7DD,,,,,,,,,,,,,,,,,,,,,,,,,,,
,,,Wylam - Main Road,,,Main Road,Wylam,Northumberland,eng,NE41 8DN,,,,,,,,,,,,,,,,,,,,,,,,,,,
,,,Wynyard,,,Unit 2 The Granary,Billingham,Cleveland,eng,TS22 5QG,,,,,,,,,,,,,,,,,,,,,,,,,,,
,,,Yarm - Davenport Road,,,Davenport Road,Yarm,Cleveland,eng,TS15 9TN,,,,,,,,,,,,,,,,,,,,,,,,,,,
,,,Yeovil - 176 St. Michaels Ave,,,176 St. Michaels Avenue,Yeovil,Somerset,eng,BA21 4LX,,,,,,,,,,,,,,,,,,,,,,,,,,,
,,,York - The Stonebow,,,8-10 The Stonebow,York,,eng,YO1 7NP,,,,,,,,,,,,,,,,,,,,,,,,,,,
,,,Ayr - Alloway,,,Dunure Road,Ayr,South Ayrshire,sct,KA7 4HY,,,,,,,,,,,,,,,,,,,,,,,,,,,
,,,Ballysillan Road,,,323 Ballysillan Road,Belfast,County Antrim,nir,BT14 6RE,,,,,,,,,,,,,,,,,,,,,,,,,,,
,,,Banchory,,,37 High Street,Banchory,Kincardineshire,sct,AB31 5TJ,,,,,,,,,,,,,,,,,,,,,,,,,,,
,,,Bearsden - Stockiemuir Avenue,,,57 - 59 Stockiemuir Avenue,Glasgow,Lanarkshire,sct,G61 3JJ,,,,,,,,,,,,,,,,,,,,,,,,,,,
,,,Beersbridge,,,361 Beersbridge Road,Belfast,County Antrim,nir,BT5 5DT,,,,,,,,,,,,,,,,,,,,,,,,,,,
,,,Belsize Road,,,100 Belsize Road,Lisburn,County Antrim,nir,BT27 4BP,,,,,,,,,,,,,,,,,,,,,,,,,,,
,,,Blackburn Aberdeen,,,Main Street,Aberdeen,Aberdeenshire,sct,AB21 0XN,,,,,,,,,,,,,,,,,,,,,,,,,,,
,,,Blackwood - Carlisle Road,,,75 Carlisle Road,Lanark,South Lanarkshire,sct,ML11 9RZ,,,,,,,,,,,,,,,,,,,,,,,,,,,
,,,Blairgowrie - Coupar Angus Road,,,Coupar Angus Road,Blairgowrie,Perthshire,sct,PH10 6JR,,,,,,,,,,,,,,,,,,,,,,,,,,,
,,,Buchan Road - Fraserburgh,,,Buchan Road,Fraserburgh,Aberdeenshire,sct,AB43 9UG,,,,,,,,,,,,,,,,,,,,,,,,,,,
,,,Burghmuir Drive,,,Burghmuir Drive,Inverurie,Aberdeenshire,sct,AB51 4GY,,,,,,,,,,,,,,,,,,,,,,,,,,,
,,,Callander,,,124 Main Street,Callander,Stirling,sct,FK17 8BG,,,,,,,,,,,,,,,,,,,,,,,,,,,
,,,Cardwell Road,,,40 Cardwell Road,Gourock,Inverclyde,sct,PA19 1UH,,,,,,,,,,,,,,,,,,,,,,,,,,,
,,,Carnoustie - Barry Road,,,Barry Road,Carnoustie,Angus,sct,DD7 7QJ,,,,,,,,,,,,,,,,,,,,,,,,,,,
,,,Conon Bridge - School Road,,,School Road,Dingwall,Ross-Shire,sct,IV7 8AF,,,,,,,,,,,,,,,,,,,,,,,,,,,
,,,Cove Bay,,,125 Loirston Avenue,Aberdeen,Aberdeenshire,sct,AB12 3HE,,,,,,,,,,,,,,,,,,,,,,,,,,,
,,,Cradlehall,,,Cradlehall Court,Inverness,Inverness-shire,sct,IV2 5DH,,,,,,,,,,,,,,,,,,,,,,,,,,,
,,,Cregagh,,,61 Cregagh Road,Belfast,County Antrim,nir,BT6 8PY,,,,,,,,,,,,,,,,,,,,,,,,,,,
,,,Dalgety Bay - Harbour Drive,,,28 Lt Sales Avenue,Dunfermline,Fife,sct,KY11 9GB,,,,,,,,,,,,,,,,,,,,,,,,,,,
,,,Danderhall,,,2B Church Newton Road,Edinburgh,Midlothian,sct,EH22 1LT,,,,,,,,,,,,,,,,,,,,,,,,,,,
,,,Darvel,,,23 East Main Street,Darvel,Ayr,sct,KA17 0HR,,,,,,,,,,,,,,,,,,,,,,,,,,,
,,,Dingwall,,,Old Evanton Road,Dingwall,Highlands,sct,IV15 9GA,,,,,,,,,,,,,,,,,,,,,,,,,,,
,,,Doune - Castlehill Court,,,Castlehill Court,Doune,Perthshire,sct,FK16 6BT,,,,,,,,,,,,,,,,,,,,,,,,,,,
,,,Dreghorn,,,96 Townfoot,Irvine,Ayrshire,sct,KA11 4EZ,,,,,,,,,,,,,,,,,,,,,,,,,,,
,,,Edinburgh - Dalry Road,,,114 Dalry Road,Edinburgh,Midlothian,sct,EH11 2EZ,,,,,,,,,,,,,,,,,,,,,,,,,,,
,,,Edinburgh - Gilmerton South,,,Drum Road,Edinburgh,Midlothian,sct,EH17 8RJ,,,,,,,,,,,,,,,,,,,,,,,,,,,
,,,Edinburgh - St John’s Road,,,141 St John’s Road,Edinburgh,Midlothian,sct,EH12 7SD,,,,,,,,,,,,,,,,,,,,,,,,,,,
,,,Edinburgh - Stockbridge,,,"6-8 Comely Bank
Road",Edinburgh,Midlothian,sct,EH4 1HG,,,,,,,,,,,,,,,,,,,,,,,,,,,
,,,Eliburn - Follyburn Place,,,1 Follyburn Place,Livingston,West Lothian,sct,EH54 6BF,,,,,,,,,,,,,,,,,,,,,,,,,,,
,,,Ferniegair - Carlisle Road,,,1 Allanton Gardens,Hamilton,Lanarkshire,sct,ML3 7GQ,,,,,,,,,,,,,,,,,,,,,,,,,,,
,,,Forres - Grantown Road,,,4 Grantown Road,Forres,Morayshire,sct,IV36 2UG,,,,,,,,,,,,,,,,,,,,,,,,,,,
,,,Glasgow - 470 Great Western Road,,,470 Great Western Road,Glasgow,Lanarkshire,sct,G12 8EW,,,,,,,,,,,,,,,,,,,,,,,,,,,
,,,Glasgow - Argyle Street,,,260 Argyle Street,Glasgow,Lanarkshire,sct,G2 8QW,,,,,,,,,,,,,,,,,,,,,,,,,,,
,,,Glenrothes - Woodside Road,,,Woodside Road,Glenrothes,Fife,sct,KY7 4AF,,,,,,,,,,,,,,,,,,,,,,,,,,,
,,,Golspie,,,Main Street,Golspie,Highlands,sct,KW10 6RA,,,,,,,,,,,,,,,,,,,,,,,,,,,
,,,Greenock - Eldon Street,,,21 Eldon Street,Greenock,Inverclyde,sct,PA16 7UG,,,,,,,,,,,,,,,,,,,,,,,,,,,
,,,Hillsborough - Lisburn Street,,,8 Lisburn Street,Hillsborough,County Down,nir,BT26 6AB,,,,,,,,,,,,,,,,,,,,,,,,,,,
,,,Hurlford - Academy Street,,,2 Academy Street,Kilmarnock,Ayrshire,sct,KA1 5BU,,,,,,,,,,,,,,,,,,,,,,,,,,,
,,,Invergordon - High Street,,,110 High Street,Invergordon,Ross-Shire,sct,IV18 0DL,,,,,,,,,,,,,,,,,,,,,,,,,,,
,,,Kelso,,,Highcroft,Kelso,Roxburghshire,sct,TD5 7NB,,,,,,,,,,,,,,,,,,,,,,,,,,,
,,,Kemnay,,,Station Road,Inverurie,Aberdeenshire,sct,AB51 5RB,,,,,,,,,,,,,,,,,,,,,,,,,,,
,,,Kennoway - Bishops Court,,,11-16 Bishops court,Kennoway,Fife,sct,KY8 5LA,,,,,,,,,,,,,,,,,,,,,,,,,,,
,,,Kilbirnie,,,61-63 Holmhead,Kilbirnie,North Ayrshire,sct,KA25 6BS,,,,,,,,,,,,,,,,,,,,,,,,,,,
,,,Kilmacolm - Lochwinnoch Road,,,Campbell Place,Kilmacolm,Renfrewshire,sct,PA13 4HA,,,,,,,,,,,,,,,,,,,,,,,,,,,
,,,Kingussie - High Street,,,24 High Street,Kingussie,Inverness-shire,sct,PH21 1HR,,,,,,,,,,,,,,,,,,,,,,,,,,,
,,,Kirkcaldy - Lauder Road,,,Lauder Road,Kirkcaldy,Fife,sct,KY2 5BD,,,,,,,,,,,,,,,,,,,,,,,,,,,
,,,Knockbreda,,,390 Ormeau Road,Belfast,County Antrim,nir,BT7 3HX,,,,,,,,,,,,,,,,,,,,,,,,,,,
,,,Ladywell,,,Newyearfield,Livingston,West Lothian,sct,EH54 6AB,,,,,,,,,,,,,,,,,,,,,,,,,,,
,,,Lenzie - Kirkintilloch Road,,,Kirkintilloch Road,Kirkintilloch,Glasgow,sct,G66 4LD,,,,,,,,,,,,,,,,,,,,,,,,,,,
,,,Livingston,,,Bankton Retail Centre,Livingston,West Lothian,sct,EH54 9DA,,,,,,,,,,,,,,,,,,,,,,,,,,,
,,,"Lossiemouth - Queens
Street",,,44 Queen Street,Lossiemouth,,sct,IV31 6PN,,,,,,,,,,,,,,,,,,,,,,,,,,,
,,,Main Road - Cardross,,,Main Road,Dumbarton,Dunbartonshire,sct,G82 5PD,,,,,,,,,,,,,,,,,,,,,,,,,,,
,,,Markinch,,,20 High Street,Markinch,Fife,sct,KY7 6DQ,,,,,,,,,,,,,,,,,,,,,,,,,,,
,,,Mayfield,,,14-15 Mayfield Terrace,Arbroath,Angus,sct,DD11 5DJ,,,,,,,,,,,,,,,,,,,,,,,,,,,
,,,Mearnskirk - Mearns Road,,,Unit 2 421 Mearns Road,Newton Mearns,Renfrewshire,sct,G77 5RY,,,,,,,,,,,,,,,,,,,,,,,,,,,
,,,Milton of Campsie - Antermony Road,,,Antermony Road,Glasgow,Lanarkshire,sct,G66 8DB,,,,,,,,,,,,,,,,,,,,,,,,,,,
,,,Muir Of Ord,,,Great North Road,Muir Of Ord,Ross-Shire,sct,IV6 7TP,,,,,,,,,,,,,,,,,,,,,,,,,,,
,,,Musselburgh,,,Clayknowes Road,Musselburgh,Midlothian,sct,EH21 6UW,,,,,,,,,,,,,,,,,,,,,,,,,,,
,,,Nairn - King Street,,,King Street,Nairn,Highlands,sct,IV12 4DN,,,,,,,,,,,,,,,,,,,,,,,,,,,
,,,"Newton Mearns - Broom
Road East",,,86 Broom Road East,Glasgow,Lanarkshire,sct,G77 5SR,,,,,,,,,,,,,,,,,,,,,,,,,,,
,,,Newtown St Boswells,,,Station Yard,Melrose,Roxburghshire,sct,TD6 0PP,,,,,,,,,,,,,,,,,,,,,,,,,,,
,,,Old Park Road,,,523-525 Old Park Road,Belfast,County Antrim,nir,BT14 6QU,,,,,,,,,,,,,,,,,,,,,,,,,,,
,,,Panmuirfield,,,134 Lawers Drive,Dundee,Angus,sct,DD5 3UN,,,,,,,,,,,,,,,,,,,,,,,,,,,
,,,Perth - Darnhall Drive,,,17 Darnhall Drive,Perth,Perthshire,sct,PH2 0HD,,,,,,,,,,,,,,,,,,,,,,,,,,,
,,,Perth - Tulloch Square,,,Tulloch Square,Perth,Perthshire,sct,PH1 2PW,,,,,,,,,,,,,,,,,,,,,,,,,,,
,,,Petrol Stonehaven - Kirkton Road,,,Kirkton Road,Stonehaven,Kincardineshire,sct,AB39 2HQ,,,,,,,,,,,,,,,,,,,,,,,,,,,
,,,Pitmedden,,,Tarves Road,Ellon,Aberdeenshire,sct,AB41 7NY,,,,,,,,,,,,,,,,,,,,,,,,,,,
,,,Portree - Bank Street,,,Bank Street,Portree,Highlands,sct,IV51 9DA,,,,,,,,,,,,,,,,,,,,,,,,,,,
,,,Redcloak,,,Redcloak Drive,Stonehaven,Kincardineshire,sct,AB39 2XJ,,,,,,,,,,,,,,,,,,,,,,,,,,,
,,,Robertson Road,,,Robertson Road,Dunfermline,Fife,sct,KY12 0XS,,,,,,,,,,,,,,,,,,,,,,,,,,,
,,,Scone,,,60 Perth Road,Perth,Perthshire,sct,PH2 6JL,,,,,,,,,,,,,,,,,,,,,,,,,,,
,,,Stirling,,,Pike Road,Stirling,Stirlingshire,sct,FK7 7XJ,,,,,,,,,,,,,,,,,,,,,,,,,,,
,,,Strichen,,,2-4 Bridge Street,Fraserburgh,Aberdeenshire,sct,AB43 6SS,,,,,,,,,,,,,,,,,,,,,,,,,,,
,,,Telford Street,,,74 Telford Street,Inverness,Inverness-shire,sct,IV3 5LS,,,,,,,,,,,,,,,,,,,,,,,,,,,
,,,The Square,,,16 High St,Kirriemuir,Angus,sct,DD8 4EY,,,,,,,,,,,,,,,,,,,,,,,,,,,
,,,Tollcross - Glasgow,,,997 Tollcross Road,Glasgow,Lanarkshire,sct,G32 8UU,,,,,,,,,,,,,,,,,,,,,,,,,,,
,,,West Linton,,,21-23 Main Street,West Linton,Peeblesshire,sct,EH46 7EE,,,,,,,,,,,,,,,,,,,,,,,,,,,
,,,Wester Inshes - Inverness,,,West Inches Place,Inverness,Inverness-shire,sct,IV2 5HZ,,,,,,,,,,,,,,,,,,,,,,,,,,,
,,,Wigtown,,,30 North Main Street,Newton Stewart,Wigtownshire,sct,DG8 9HJ,,,,,,,,,,,,,,,,,,,,,,,,,,,
,,,Store Name,,,Address,Post Town,County,Country,Post Code,,,,,,,,,,,,,,,,,,,,,,,,,,,
,,,Aston,,,21-23 Central Drive,Deeside,Flintshire,pla,CH5 1LR,,,,,,,,,,,,,,,,,,,,,,,,,,,
,,,Bodelwyddan - Ty Fry Lane,,,Ty Fry Lane,Rhyl,Denbighshire,pla,LL18 5TE,,,,,,,,,,,,,,,,,,,,,,,,,,,
,,,Broughton - Main Road,,,Main Road,Chester,Flintshire,pla,CH4 0NR,,,,,,,,,,,,,,,,,,,,,,,,,,,
,,,Bryncae,,,Bridgend Road,Pontyclun,Mid Glamorgan,pla,CF72 9RP,,,,,,,,,,,,,,,,,,,,,,,,,,,
,,,Bryncoch - Main Road,,,Main Road,Neath,West Glamorgan,pla,SA10 7TW,,,,,,,,,,,,,,,,,,,,,,,,,,,
,,,Builth Wells - Brecon Road,,,Brecon Road,Builth Wells,Powys,pla,LD2 3ED,,,,,,,,,,,,,,,,,,,,,,,,,,,
,,,Cardiff - Capital Quarter,,,Tyndall Street,Cardiff,South Glamorgan,pla,CF10 4BQ,,,,,,,,,,,,,,,,,,,,,,,,,,,
,,,Cardiff - Cyncoed Road,,,360 Cyncoed Road,Cardiff,South Glamorgan,pla,CF23 6RZ,,,,,,,,,,,,,,,,,,,,,,,,,,,
,,,Cardiff - Heol Y Deri,,,8A-8B Heol Y Deri,Cardiff,South Glamorgan,pla,CF14 6HF,,,,,,,,,,,,,,,,,,,,,,,,,,,
,,,Cardiff - Kings Road,,,Kings Road,Cardiff,South Glamorgan,pla,CF11 9DF,,,,,,,,,,,,,,,,,,,,,,,,,,,
,,,Cardiff - Pierhead Street,,,Pierhead Street,Cardiff,South Glamorgan,pla,CF10 4QP,,,,,,,,,,,,,,,,,,,,,,,,,,,
,,,Cardiff - Pontcanna Street,,,89 Pontcanna Street,Cardiff,South Glamorgan,pla,CF11 9HS,,,,,,,,,,,,,,,,,,,,,,,,,,,
,,,Cardiff - Senghenydd Road,,,Senghenydd Road,Cardiff,South Glamorgan,pla,CF10 3QN,,,,,,,,,,,,,,,,,,,,,,,,,,,
,,,Cardiff - Waungron Road,,,12 Waungron Road,Cardiff,South Glamorgan,pla,CF5 2JJ,,,,,,,,,,,,,,,,,,,,,,,,,,,
,,,Carmarthen,,,46 King Street,Carmarthen,Carmarthenshire,pla,SA31 1BH,,,,,,,,,,,,,,,,,,,,,,,,,,,
,,,Crwys Road,,,Crwys Road,Cardiff,South Glamorgan,pla,CF24 4NE,,,,,,,,,,,,,,,,,,,,,,,,,,,
,,,Cwmavon,,,Heol Jiwbill,Port Talbot,Neath Port Talbot,pla,SA12 9NR,,,,,,,,,,,,,,,,,,,,,,,,,,,
,,,Deganwy - Park Road,,,Junction of Pentwyn and Park Road,Conwy,Gwynedd,pla,LL31 9TH,,,,,,,,,,,,,,,,,,,,,,,,,,,
,,,Garnant - Cwmamman Road,,,Cwmamman Road,Ammanford,Carmarthenshire,pla,SA18 1LS,,,,,,,,,,,,,,,,,,,,,,,,,,,
,,,Gilfach Goch - Garden Village,,,Garden Village,Porth,Glamorgan,pla,CF39 8UH,,,,,,,,,,,,,,,,,,,,,,,,,,,
,,,Gowerton - Sterry Road,,,29 Sterry Road,Swansea,West Glamorgan,pla,SA4 3BW,,,,,,,,,,,,,,,,,,,,,,,,,,,
,,,Griffithstown,,,5 Windsor Road,Pontypool,Torfaen,pla,NP4 5HY,,,,,,,,,,,,,,,,,,,,,,,,,,,
,,,Hope - Hawarden Road,,,The Red Lion - Hawarden Road,Wrexham,Flintshire,pla,LL12 9NG,,,,,,,,,,,,,,,,,,,,,,,,,,,
,,,Killay - The Precinct,,,Unit 6 The Precinct,Swansea,West Glamorgan,pla,SA2 7BA,,,,,,,,,,,,,,,,,,,,,,,,,,,
,,,Llandaff North - Station Road,,,143 Station Road,Cardiff,South Glamorgan,pla,CF14 2FF,,,,,,,,,,,,,,,,,,,,,,,,,,,
,,,Llandybie - High Street,,,High Street,Ammanford,Carmarthenshire,pla,SA18 3JA,,,,,,,,,,,,,,,,,,,,,,,,,,,
,,,Machen - Commercial Road,,,70 Commercial Road,Caerphilly,Monmouthshire,pla,CF83 8PG,,,,,,,,,,,,,,,,,,,,,,,,,,,
,,,Magor - Newport Road,,,Newport Road,Caldicot,Monmouthshire,pla,NP26 3EG,,,,,,,,,,,,,,,,,,,,,,,,,,,
,,,Market Street - Rhos,,,Market Street,Wrexham,Clwyd,pla,LL14 1AF,,,,,,,,,,,,,,,,,,,,,,,,,,,
,,,Nelson,,,6-10 Commercial Street,Treharris,Mid Glamorgan,pla,CF46 6NF,,,,,,,,,,,,,,,,,,,,,,,,,,,
,,,Penyffordd - Hawarden Road,,,Hawarden Road,Penyffordd,Flintshire,pla,CH4 0JE,,,,,,,,,,,,,,,,,,,,,,,,,,,
,,,Petrol Llandaff,,,Llantrisant Road,Cardiff,South Glamorgan,pla,CF5 2PW,,,,,,,,,,,,,,,,,,,,,,,,,,,
,,,Petrol Old Colwyn,,,Colwyn Service Station,Colwyn Bay,Conwy,pla,LL29 9YG,,,,,,,,,,,,,,,,,,,,,,,,,,,
,,,Petrol Pontyates - 13 Heol Y Meinci,,,13 Heol Y Meinciau,Pontyates,Carmarthenshire,pla,SA15 5TS,,,,,,,,,,,,,,,,,,,,,,,,,,,
,,,Petrol Rhuddlan,,,Rhyl Road,Rhuddlan,Denbighshire,pla,LL18 2TS,,,,,,,,,,,,,,,,,,,,,,,,,,,
,,,Pontypridd - Church Village,,,The Precinct,Pontypridd,Rhondda Cynon Taff,pla,CF38 1SB,,,,,,,,,,,,,,,,,,,,,,,,,,,
,,,Prestatyn - Ffordd Penrhwylfa,,,Ffordd Penrhwylfa,Prestatyn,Clwyd,pla,LL19 8BP,,,,,,,,,,,,,,,,,,,,,,,,,,,
,,,Prestatyn - Victoria Road,,,Victoria Road,Prestatyn,Clwyd,pla,LL19 7TD,,,,,,,,,,,,,,,,,,,,,,,,,,,
,,,Radyr - Station Road,,,4 Station Road,Cardiff,South Glamorgan,pla,CF15 8AA,,,,,,,,,,,,,,,,,,,,,,,,,,,
,,,Rhos on Sea - Colwyn Avenue,,,Colwyn Avenue,Colwyn Bay,Clwyd,pla,LL28 4RD,,,,,,,,,,,,,,,,,,,,,,,,,,,
,,,Rockfield Road - Monmouth,,,Rockfield Road,Monmouth,Gwent,pla,NP25 5AU,,,,,,,,,,,,,,,,,,,,,,,,,,,
,,,Rogerstone - Tregwilym Road,,,Tregwilym Road,Newport,Gwent,pla,NP10 9EJ,,,,,,,,,,,,,,,,,,,,,,,,,,,
,,,Rossett - Chester Road,,,Chester Road,Wrexham,Clwyd,pla,LL12 0HW,,,,,,,,,,,,,,,,,,,,,,,,,,,
,,,Sandy Lane - Llanelli,,,Sandy Road,Llanelli,Carmarthenshire,pla,SA15 4BR,,,,,,,,,,,,,,,,,,,,,,,,,,,
,,,Sketty - Gower Road,,,,Swansea,,pla,SA2 9BZ,,,,,,,,,,,,,,,,,,,,,,,,,,,
,,,Somerton,,,Cromwell Road,Newport,Gwent,pla,NP19 0HT,,,,,,,,,,,,,,,,,,,,,,,,,,,
,,,St Athan - Gileston Road,,,Gileston Road,Barry,Vale of Glamorgan,pla,CF62 4PZ,,,,,,,,,,,,,,,,,,,,,,,,,,,
,,,St Davids Park,,,St. Davids Park,Deeside,Flintshire,pla,CH5 3XN,,,,,,,,,,,,,,,,,,,,,,,,,,,
,,,Station Road - Llanishen,,,46-48 Station Road,Cardiff,South Glamorgan,pla,CF14 5LU,,,,,,,,,,,,,,,,,,,,,,,,,,,
,,,Swansea - Bishopston Road,,,Bishopston Road,Swansea,West Glamorgan,pla,SA3 3EN,,,,,,,,,,,,,,,,,,,,,,,,,,,
,,,Swansea - Bryn Road,,,Bryn Road,Swansea,West Glamorgan,pla,SA2 0AU,,,,,,,,,,,,,,,,,,,,,,,,,,,
,,,Swansea - Trawler Road,,,Trawler Road,Swansea,West Glamorgan,pla,SA1 1LB,,,,,,,,,,,,,,,,,,,,,,,,,,,
,,,Swansea - Walter Road,,,128 Walter Road,Abertawe,Glamorgan,pla,SA1 5RG,,,,,,,,,,,,,,,,,,,,,,,,,,,
,,,Tenby - Heywood Lane,,,"The Green, Heywood Lane",Tenby,Pembrokeshire,pla,SA70 8EU,,,,,,,,,,,,,,,,,,,,,,,,,,,
,,,TyCoch - Carnglass Road,,,85-87 Carnglass Road,Swansea,West Glamorgan,pla,SA2 9BL,,,,,,,,,,,,,,,,,,,,,,,,,,,
,,,Wrexham - Lord Street,,,5 Lord Street,Wrexham,Clwyd,pla,LL11 1LG,,,,,,,,,,,,,,,,,,,,,,,,,,,
,,,Wrexham Johnstown,,,Ruabon Road,Wrexham,Clwyd,pla,LL14 6PU,,,,,,,,,,,,,,,,,,,,,,,,,,,
